pairs,design,classification_error,coverage,singleton_rate,joint_false_reassurance,mean_set_size,mean_relative_response_error
8,integer,0.6666666666666666,1.0,0.0,0.0,3.0,8.595963652805068
8,fixed_offgrid,0.1245,0.9986666666666667,0.26916666666666667,0.0011666666666666668,1.806,0.5799529980898162
8,uniform_random_lag,0.243,0.999,0.1845,0.0003333333333333333,2.06,1.2148983837981409
8,maximin_covariance_gap,0.14433333333333334,0.9983333333333333,0.19716666666666666,0.0015,1.9098333333333333,0.6180733001605163
8,maximin_bhattacharyya,0.079,0.9978333333333333,0.5318333333333334,0.002,1.4813333333333334,0.3842407472290614
32,integer,0.6666666666666666,1.0,0.0,0.0,3.0,8.595963652805068
32,fixed_offgrid,0.005833333333333334,0.9995,0.9591666666666666,0.0005,1.0408333333333335,0.05208248141761501
32,uniform_random_lag,0.11516666666666667,0.9988333333333334,0.5741666666666667,0.0011666666666666668,1.4693333333333332,0.5771369002378949
32,maximin_covariance_gap,0.009166666666666667,0.9993333333333333,0.9396666666666667,0.0006666666666666666,1.0603333333333333,0.0527785669912701
32,maximin_bhattacharyya,0.0011666666666666668,0.9998333333333334,0.9876666666666667,0.00016666666666666666,1.0123333333333333,0.013767060624419855
128,integer,0.6666666666666666,1.0,0.0,0.0,3.0,8.595963652805068
128,fixed_offgrid,0.0,1.0,1.0,0.0,1.0,0.0
128,uniform_random_lag,0.05583333333333333,0.9995,0.811,0.0005,1.2038333333333333,0.2899425488668474
128,maximin_covariance_gap,0.0,1.0,1.0,0.0,1.0,0.0
128,maximin_bhattacharyya,0.0,1.0,1.0,0.0,1.0,0.0
