budget,mode,fraction,scenario,dynamic_pairs,sensor_alarm,naive,moment,relaxed_split
1024,none,0.0,nominal_1,510,,0.023,0.004333333333333333,0.0
1024,none,0.0,nominal_2,510,,0.027666666666666666,0.004333333333333333,0.0003333333333333333
1024,none,0.0,nominal_3,510,,0.025333333333333333,0.005333333333333333,0.0
1024,none,0.0,physical_decay_low,510,,0.09833333333333333,0.005333333333333333,0.0
1024,none,0.0,physical_decay_high,510,,0.10133333333333333,0.008666666666666666,0.0
1024,none,0.0,physical_frequency_plus_2.9pct,510,,0.17066666666666666,0.043333333333333335,0.0
1024,none,0.0,sensor_mimics_decay_low,510,,0.10633333333333334,0.008333333333333333,0.0
1024,none,0.0,sensor_mimics_decay_high,510,,0.08966666666666667,0.007666666666666666,0.0
1024,none,0.0,sensor_mimics_frequency,510,,0.16933333333333334,0.03766666666666667,0.0
1024,none,0.0,sensor_variance_high,510,,0.9436666666666667,0.005,0.0
1024,none,0.0,physics_and_correlated_sensor,510,,0.25366666666666665,0.067,0.0003333333333333333
1024,none,0.0,transfer_missed_correlation,510,,0.10533333333333333,0.009,0.0
1024,none,0.0,transfer_false_correlation,510,,0.025,0.0036666666666666666,0.0
1024,isolated,0.125,nominal_1,444,0.004,0.021666666666666667,0.007333333333333333,0.0003333333333333333
1024,isolated,0.125,nominal_2,444,0.0033333333333333335,0.026333333333333334,0.007666666666666666,0.0006666666666666666
1024,isolated,0.125,nominal_3,444,0.008,0.023666666666666666,0.007,0.0003333333333333333
1024,isolated,0.125,physical_decay_low,444,0.0023333333333333335,0.08933333333333333,0.01633333333333333,0.001
1024,isolated,0.125,physical_decay_high,444,0.006,0.07533333333333334,0.008666666666666666,0.0
1024,isolated,0.125,physical_frequency_plus_2.9pct,444,0.008333333333333333,0.14166666666666666,0.041666666666666664,0.0036666666666666666
1024,isolated,0.125,sensor_mimics_decay_low,444,0.004,0.08566666666666667,0.015333333333333332,0.0013333333333333333
1024,isolated,0.125,sensor_mimics_decay_high,444,0.006,0.07833333333333334,0.01,0.0006666666666666666
1024,isolated,0.125,sensor_mimics_frequency,444,0.006333333333333333,0.14566666666666667,0.041,0.0013333333333333333
1024,isolated,0.125,sensor_variance_high,444,1.0,0.9013333333333333,0.002,0.0
1024,isolated,0.125,physics_and_correlated_sensor,444,0.0036666666666666666,0.21066666666666667,0.08233333333333333,0.006
1024,isolated,0.125,transfer_missed_correlation,444,0.005666666666666667,0.08066666666666666,0.011333333333333334,0.0006666666666666666
1024,isolated,0.125,transfer_false_correlation,444,0.005333333333333333,0.029666666666666668,0.008,0.0
1024,isolated,0.25,nominal_1,384,0.004333333333333333,0.028,0.01,0.0006666666666666666
1024,isolated,0.25,nominal_2,384,0.005,0.02666666666666667,0.013,0.0006666666666666666
1024,isolated,0.25,nominal_3,384,0.0036666666666666666,0.02666666666666667,0.01,0.0
1024,isolated,0.25,physical_decay_low,384,0.007333333333333333,0.06866666666666667,0.017666666666666667,0.0013333333333333333
1024,isolated,0.25,physical_decay_high,384,0.005666666666666667,0.06966666666666667,0.014333333333333333,0.0013333333333333333
1024,isolated,0.25,physical_frequency_plus_2.9pct,384,0.006666666666666667,0.13066666666666665,0.04666666666666667,0.0023333333333333335
1024,isolated,0.25,sensor_mimics_decay_low,384,0.006333333333333333,0.06566666666666666,0.021333333333333333,0.001
1024,isolated,0.25,sensor_mimics_decay_high,384,0.0033333333333333335,0.07266666666666667,0.016,0.0013333333333333333
1024,isolated,0.25,sensor_mimics_frequency,384,0.006,0.11133333333333334,0.043,0.0023333333333333335
1024,isolated,0.25,sensor_variance_high,384,1.0,0.864,0.0036666666666666666,0.0003333333333333333
1024,isolated,0.25,physics_and_correlated_sensor,384,0.005333333333333333,0.175,0.08166666666666667,0.005
1024,isolated,0.25,transfer_missed_correlation,384,0.004666666666666667,0.071,0.020666666666666667,0.001
1024,isolated,0.25,transfer_false_correlation,384,0.0026666666666666666,0.027,0.007666666666666666,0.0003333333333333333
1024,paired,0.125,nominal_1,444,0.006666666666666667,0.021333333333333333,0.003,0.0
1024,paired,0.125,nominal_2,444,0.0033333333333333335,0.021666666666666667,0.0023333333333333335,0.0
1024,paired,0.125,nominal_3,444,0.004333333333333333,0.025333333333333333,0.0013333333333333333,0.0
1024,paired,0.125,physical_decay_low,444,0.004,0.08566666666666667,0.003,0.0
1024,paired,0.125,physical_decay_high,444,0.003,0.07566666666666666,0.0026666666666666666,0.0
1024,paired,0.125,physical_frequency_plus_2.9pct,444,0.005333333333333333,0.15233333333333332,0.011333333333333334,0.0003333333333333333
1024,paired,0.125,sensor_mimics_decay_low,444,0.052,0.07333333333333333,0.002,0.0
1024,paired,0.125,sensor_mimics_decay_high,444,0.04633333333333333,0.07666666666666666,0.0013333333333333333,0.0
1024,paired,0.125,sensor_mimics_frequency,444,0.983,0.138,0.0033333333333333335,0.0
1024,paired,0.125,sensor_variance_high,444,0.9353333333333333,0.9083333333333333,0.0006666666666666666,0.0
1024,paired,0.125,physics_and_correlated_sensor,444,0.9833333333333333,0.206,0.005,0.0
1024,paired,0.125,transfer_missed_correlation,444,0.006666666666666667,0.08333333333333333,0.002,0.0
1024,paired,0.125,transfer_false_correlation,444,0.04833333333333333,0.025666666666666667,0.0033333333333333335,0.0
1024,paired,0.25,nominal_1,384,0.006666666666666667,0.025333333333333333,0.0033333333333333335,0.0
1024,paired,0.25,nominal_2,384,0.005,0.025333333333333333,0.003,0.0
1024,paired,0.25,nominal_3,384,0.006333333333333333,0.022,0.002,0.0
1024,paired,0.25,physical_decay_low,384,0.004333333333333333,0.069,0.0016666666666666668,0.0
1024,paired,0.25,physical_decay_high,384,0.006666666666666667,0.062,0.0026666666666666666,0.0
1024,paired,0.25,physical_frequency_plus_2.9pct,384,0.004333333333333333,0.13466666666666666,0.01633333333333333,0.0003333333333333333
1024,paired,0.25,sensor_mimics_decay_low,384,0.13533333333333333,0.07266666666666667,0.0036666666666666666,0.0
1024,paired,0.25,sensor_mimics_decay_high,384,0.11433333333333333,0.07633333333333334,0.005333333333333333,0.0
1024,paired,0.25,sensor_mimics_frequency,384,1.0,0.12233333333333334,0.005666666666666667,0.0
1024,paired,0.25,sensor_variance_high,384,0.999,0.8513333333333334,0.0013333333333333333,0.0
1024,paired,0.25,physics_and_correlated_sensor,384,1.0,0.17766666666666667,0.009333333333333334,0.0
1024,paired,0.25,transfer_missed_correlation,384,0.004666666666666667,0.07633333333333334,0.004333333333333333,0.0
1024,paired,0.25,transfer_false_correlation,384,0.14233333333333334,0.027666666666666666,0.003,0.0
4096,none,0.0,nominal_1,2046,,0.027333333333333334,0.0036666666666666666,0.0
4096,none,0.0,nominal_2,2046,,0.025333333333333333,0.0013333333333333333,0.0
4096,none,0.0,nominal_3,2046,,0.028,0.0026666666666666666,0.0
4096,none,0.0,physical_decay_low,2046,,0.5653333333333334,0.022333333333333334,0.0
4096,none,0.0,physical_decay_high,2046,,0.4026666666666667,0.016,0.0
4096,none,0.0,physical_frequency_plus_2.9pct,2046,,0.7816666666666666,0.577,0.0
4096,none,0.0,sensor_mimics_decay_low,2046,,0.5756666666666667,0.018666666666666668,0.0
4096,none,0.0,sensor_mimics_decay_high,2046,,0.4106666666666667,0.012666666666666666,0.0
4096,none,0.0,sensor_mimics_frequency,2046,,0.786,0.581,0.0
4096,none,0.0,sensor_variance_high,2046,,1.0,0.003,0.0
4096,none,0.0,physics_and_correlated_sensor,2046,,0.9446666666666667,0.7533333333333333,0.0003333333333333333
4096,none,0.0,transfer_missed_correlation,2046,,0.572,0.028333333333333332,0.0
4096,none,0.0,transfer_false_correlation,2046,,0.03166666666666667,0.005333333333333333,0.0
4096,isolated,0.125,nominal_1,1788,0.006,0.021333333333333333,0.005,0.0
4096,isolated,0.125,nominal_2,1788,0.004333333333333333,0.024,0.006,0.0
4096,isolated,0.125,nominal_3,1788,0.004,0.023,0.007666666666666666,0.0
4096,isolated,0.125,physical_decay_low,1788,0.006,0.508,0.13,0.008666666666666666
4096,isolated,0.125,physical_decay_high,1788,0.006666666666666667,0.36633333333333334,0.06,0.0026666666666666666
4096,isolated,0.125,physical_frequency_plus_2.9pct,1788,0.004333333333333333,0.7173333333333334,0.4856666666666667,0.027333333333333334
4096,isolated,0.125,sensor_mimics_decay_low,1788,0.006,0.486,0.132,0.011
4096,isolated,0.125,sensor_mimics_decay_high,1788,0.004333333333333333,0.36533333333333334,0.057,0.0023333333333333335
4096,isolated,0.125,sensor_mimics_frequency,1788,0.005666666666666667,0.7026666666666667,0.47433333333333333,0.04133333333333333
4096,isolated,0.125,sensor_variance_high,1788,1.0,1.0,0.004,0.0
4096,isolated,0.125,physics_and_correlated_sensor,1788,0.0033333333333333335,0.897,0.7346666666666667,0.11233333333333333
4096,isolated,0.125,transfer_missed_correlation,1788,0.005,0.4816666666666667,0.14766666666666667,0.005333333333333333
4096,isolated,0.125,transfer_false_correlation,1788,0.005333333333333333,0.024,0.005666666666666667,0.0003333333333333333
4096,isolated,0.25,nominal_1,1536,0.004666666666666667,0.028666666666666667,0.009,0.0003333333333333333
4096,isolated,0.25,nominal_2,1536,0.004666666666666667,0.028,0.010666666666666666,0.0003333333333333333
4096,isolated,0.25,nominal_3,1536,0.0033333333333333335,0.021,0.007333333333333333,0.001
4096,isolated,0.25,physical_decay_low,1536,0.006333333333333333,0.415,0.15666666666666668,0.008333333333333333
4096,isolated,0.25,physical_decay_high,1536,0.007,0.2926666666666667,0.08433333333333333,0.004
4096,isolated,0.25,physical_frequency_plus_2.9pct,1536,0.005333333333333333,0.6103333333333333,0.4156666666666667,0.036
4096,isolated,0.25,sensor_mimics_decay_low,1536,0.005333333333333333,0.4136666666666667,0.15766666666666668,0.013
4096,isolated,0.25,sensor_mimics_decay_high,1536,0.005,0.2886666666666667,0.082,0.004666666666666667
4096,isolated,0.25,sensor_mimics_frequency,1536,0.0026666666666666666,0.6266666666666667,0.4236666666666667,0.042666666666666665
4096,isolated,0.25,sensor_variance_high,1536,1.0,1.0,0.006333333333333333,0.0
4096,isolated,0.25,physics_and_correlated_sensor,1536,0.004666666666666667,0.833,0.6563333333333333,0.10033333333333333
4096,isolated,0.25,transfer_missed_correlation,1536,0.006333333333333333,0.416,0.167,0.009666666666666667
4096,isolated,0.25,transfer_false_correlation,1536,0.005666666666666667,0.023333333333333334,0.007666666666666666,0.0
4096,paired,0.125,nominal_1,1788,0.004666666666666667,0.026333333333333334,0.0013333333333333333,0.0
4096,paired,0.125,nominal_2,1788,0.007333333333333333,0.018,0.0006666666666666666,0.0
4096,paired,0.125,nominal_3,1788,0.0036666666666666666,0.025,0.002,0.0
4096,paired,0.125,physical_decay_low,1788,0.006666666666666667,0.4746666666666667,0.013666666666666667,0.0003333333333333333
4096,paired,0.125,physical_decay_high,1788,0.0036666666666666666,0.3626666666666667,0.005333333333333333,0.0
4096,paired,0.125,physical_frequency_plus_2.9pct,1788,0.005333333333333333,0.7176666666666667,0.118,0.0023333333333333335
4096,paired,0.125,sensor_mimics_decay_low,1788,0.445,0.5036666666666667,0.0013333333333333333,0.0
4096,paired,0.125,sensor_mimics_decay_high,1788,0.378,0.363,0.0023333333333333335,0.0
4096,paired,0.125,sensor_mimics_frequency,1788,1.0,0.717,0.002,0.0
4096,paired,0.125,sensor_variance_high,1788,1.0,1.0,0.0003333333333333333,0.0
4096,paired,0.125,physics_and_correlated_sensor,1788,1.0,0.906,0.022333333333333334,0.0006666666666666666
4096,paired,0.125,transfer_missed_correlation,1788,0.006333333333333333,0.48533333333333334,0.014666666666666666,0.0003333333333333333
4096,paired,0.125,transfer_false_correlation,1788,0.43433333333333335,0.025,0.014,0.0003333333333333333
4096,paired,0.25,nominal_1,1536,0.005333333333333333,0.019666666666666666,0.0033333333333333335,0.0
4096,paired,0.25,nominal_2,1536,0.004333333333333333,0.024,0.0036666666666666666,0.0006666666666666666
4096,paired,0.25,nominal_3,1536,0.004333333333333333,0.021333333333333333,0.0013333333333333333,0.0003333333333333333
4096,paired,0.25,physical_decay_low,1536,0.0016666666666666668,0.4026666666666667,0.024666666666666667,0.0006666666666666666
4096,paired,0.25,physical_decay_high,1536,0.005,0.295,0.007666666666666666,0.0006666666666666666
4096,paired,0.25,physical_frequency_plus_2.9pct,1536,0.004666666666666667,0.6106666666666667,0.14566666666666667,0.005
4096,paired,0.25,sensor_mimics_decay_low,1536,0.912,0.41133333333333333,0.0026666666666666666,0.0
4096,paired,0.25,sensor_mimics_decay_high,1536,0.8483333333333334,0.3016666666666667,0.005,0.0
4096,paired,0.25,sensor_mimics_frequency,1536,1.0,0.6066666666666667,0.003,0.0003333333333333333
4096,paired,0.25,sensor_variance_high,1536,1.0,1.0,0.001,0.0
4096,paired,0.25,physics_and_correlated_sensor,1536,1.0,0.8363333333333334,0.03333333333333333,0.001
4096,paired,0.25,transfer_missed_correlation,1536,0.005333333333333333,0.414,0.028,0.001
4096,paired,0.25,transfer_false_correlation,1536,0.9116666666666666,0.020666666666666667,0.030666666666666665,0.0016666666666666668
16384,none,0.0,nominal_1,8190,,0.021,0.004333333333333333,0.0
16384,none,0.0,nominal_2,8190,,0.024333333333333332,0.002,0.0
16384,none,0.0,nominal_3,8190,,0.025333333333333333,0.004666666666666667,0.0
16384,none,0.0,physical_decay_low,8190,,0.9993333333333333,0.177,0.0
16384,none,0.0,physical_decay_high,8190,,0.9886666666666667,0.08966666666666667,0.0
16384,none,0.0,physical_frequency_plus_2.9pct,8190,,1.0,1.0,0.0
16384,none,0.0,sensor_mimics_decay_low,8190,,0.9996666666666667,0.17766666666666667,0.0
16384,none,0.0,sensor_mimics_decay_high,8190,,0.985,0.09933333333333333,0.0
16384,none,0.0,sensor_mimics_frequency,8190,,1.0,1.0,0.0
16384,none,0.0,sensor_variance_high,8190,,1.0,0.0033333333333333335,0.0
16384,none,0.0,physics_and_correlated_sensor,8190,,1.0,1.0,0.0
16384,none,0.0,transfer_missed_correlation,8190,,0.9996666666666667,0.166,0.0
16384,none,0.0,transfer_false_correlation,8190,,0.025,0.005,0.0
16384,isolated,0.125,nominal_1,7164,0.005333333333333333,0.027666666666666666,0.006333333333333333,0.0
16384,isolated,0.125,nominal_2,7164,0.004666666666666667,0.025,0.005666666666666667,0.0
16384,isolated,0.125,nominal_3,7164,0.006,0.025,0.005,0.0
16384,isolated,0.125,physical_decay_low,7164,0.006666666666666667,0.9973333333333333,0.935,0.262
16384,isolated,0.125,physical_decay_high,7164,0.004666666666666667,0.9716666666666667,0.6963333333333334,0.12
16384,isolated,0.125,physical_frequency_plus_2.9pct,7164,0.007333333333333333,1.0,1.0,0.733
16384,isolated,0.125,sensor_mimics_decay_low,7164,0.005,0.9986666666666667,0.9366666666666666,0.2643333333333333
16384,isolated,0.125,sensor_mimics_decay_high,7164,0.006333333333333333,0.9746666666666667,0.694,0.11933333333333333
16384,isolated,0.125,sensor_mimics_frequency,7164,0.007,1.0,1.0,0.7036666666666667
16384,isolated,0.125,sensor_variance_high,7164,1.0,1.0,0.005333333333333333,0.0003333333333333333
16384,isolated,0.125,physics_and_correlated_sensor,7164,0.006666666666666667,1.0,1.0,0.9223333333333333
16384,isolated,0.125,transfer_missed_correlation,7164,0.0033333333333333335,0.9986666666666667,0.939,0.25333333333333335
16384,isolated,0.125,transfer_false_correlation,7164,0.005333333333333333,0.024333333333333332,0.006666666666666667,0.0
16384,isolated,0.25,nominal_1,6144,0.006333333333333333,0.023666666666666666,0.009333333333333334,0.0006666666666666666
16384,isolated,0.25,nominal_2,6144,0.005666666666666667,0.022,0.008,0.0
16384,isolated,0.25,nominal_3,6144,0.004333333333333333,0.028,0.008666666666666666,0.0003333333333333333
16384,isolated,0.25,physical_decay_low,6144,0.004333333333333333,0.9936666666666667,0.9316666666666666,0.268
16384,isolated,0.25,physical_decay_high,6144,0.007,0.95,0.746,0.13766666666666666
16384,isolated,0.25,physical_frequency_plus_2.9pct,6144,0.004333333333333333,0.9996666666666667,0.9976666666666667,0.6856666666666666
16384,isolated,0.25,sensor_mimics_decay_low,6144,0.007,0.9966666666666667,0.9353333333333333,0.2643333333333333
16384,isolated,0.25,sensor_mimics_decay_high,6144,0.005333333333333333,0.9413333333333334,0.7263333333333334,0.12566666666666668
16384,isolated,0.25,sensor_mimics_frequency,6144,0.005333333333333333,1.0,1.0,0.6816666666666666
16384,isolated,0.25,sensor_variance_high,6144,1.0,1.0,0.004,0.0
16384,isolated,0.25,physics_and_correlated_sensor,6144,0.004666666666666667,1.0,1.0,0.895
16384,isolated,0.25,transfer_missed_correlation,6144,0.004333333333333333,0.9923333333333333,0.9316666666666666,0.2896666666666667
16384,isolated,0.25,transfer_false_correlation,6144,0.007,0.029,0.010666666666666666,0.0006666666666666666
16384,paired,0.125,nominal_1,7164,0.005666666666666667,0.024333333333333332,0.0026666666666666666,0.0
16384,paired,0.125,nominal_2,7164,0.004333333333333333,0.023333333333333334,0.0016666666666666668,0.0
16384,paired,0.125,nominal_3,7164,0.004333333333333333,0.024333333333333332,0.0023333333333333335,0.0
16384,paired,0.125,physical_decay_low,7164,0.005333333333333333,0.9986666666666667,0.37366666666666665,0.031
16384,paired,0.125,physical_decay_high,7164,0.005,0.9683333333333334,0.08733333333333333,0.003
16384,paired,0.125,physical_frequency_plus_2.9pct,7164,0.007333333333333333,1.0,0.9383333333333334,0.29433333333333334
16384,paired,0.125,sensor_mimics_decay_low,7164,1.0,0.9976666666666667,0.001,0.0
16384,paired,0.125,sensor_mimics_decay_high,7164,0.9986666666666667,0.9653333333333334,0.001,0.0
16384,paired,0.125,sensor_mimics_frequency,7164,1.0,1.0,0.0023333333333333335,0.0
16384,paired,0.125,sensor_variance_high,7164,1.0,1.0,0.0003333333333333333,0.0
16384,paired,0.125,physics_and_correlated_sensor,7164,1.0,1.0,0.36966666666666664,0.034666666666666665
16384,paired,0.125,transfer_missed_correlation,7164,0.005,0.9986666666666667,0.3893333333333333,0.028333333333333332
16384,paired,0.125,transfer_false_correlation,7164,1.0,0.025666666666666667,0.42966666666666664,0.035
16384,paired,0.25,nominal_1,6144,0.0036666666666666666,0.023333333333333334,0.0016666666666666668,0.0003333333333333333
16384,paired,0.25,nominal_2,6144,0.005666666666666667,0.02666666666666667,0.002,0.0
16384,paired,0.25,nominal_3,6144,0.004666666666666667,0.028666666666666667,0.0026666666666666666,0.0
16384,paired,0.25,physical_decay_low,6144,0.004666666666666667,0.993,0.563,0.05733333333333333
16384,paired,0.25,physical_decay_high,6144,0.0036666666666666666,0.9446666666666667,0.19666666666666666,0.01
16384,paired,0.25,physical_frequency_plus_2.9pct,6144,0.005,0.9993333333333333,0.9666666666666667,0.386
16384,paired,0.25,sensor_mimics_decay_low,6144,1.0,0.9936666666666667,0.004333333333333333,0.0
16384,paired,0.25,sensor_mimics_decay_high,6144,1.0,0.944,0.004333333333333333,0.0003333333333333333
16384,paired,0.25,sensor_mimics_frequency,6144,1.0,1.0,0.0033333333333333335,0.0
16384,paired,0.25,sensor_variance_high,6144,1.0,1.0,0.0016666666666666668,0.0
16384,paired,0.25,physics_and_correlated_sensor,6144,1.0,1.0,0.5236666666666666,0.057
16384,paired,0.25,transfer_missed_correlation,6144,0.004666666666666667,0.9956666666666667,0.5693333333333334,0.059
16384,paired,0.25,transfer_false_correlation,6144,1.0,0.024333333333333332,0.686,0.08566666666666667
