noise_sd,pairs,design,alternative_alias,response_relative_error,pinsker_power_upper_bound,oracle_power,split_power,concentration_power
0.1,64,previous_two_lags,1.015,0.4612649745741467,0.2103177320576878,0.0524,0.0026,0.0002
0.1,64,previous_two_lags,1.035,1.0454044479683202,0.44914223509977547,0.1242,0.0034,0.0006
0.1,64,previous_two_lags,1.075,2.117507681469043,0.8839460794402455,0.3894,0.0144,0.0014
0.1,64,local_fisher_lag,1.015,0.4612649745741467,0.37863829473060484,0.0934,0.0032,0.001
0.1,64,local_fisher_lag,1.035,1.0454044479683202,0.809307998485649,0.336,0.011,0.004
0.1,64,local_fisher_lag,1.075,2.117507681469043,1.0,0.832,0.0916,0.066
0.1,256,previous_two_lags,1.015,0.4612649745741467,0.39563546411537565,0.119,0.0048,0.0014
0.1,256,previous_two_lags,1.035,1.0454044479683202,0.8732844701995509,0.3886,0.0146,0.0076
0.1,256,previous_two_lags,1.075,2.117507681469043,1.0,0.9474,0.1324,0.1884
0.1,256,local_fisher_lag,1.015,0.4612649745741467,0.7322765894612097,0.2884,0.0124,0.0188
0.1,256,local_fisher_lag,1.035,1.0454044479683202,1.0,0.8936,0.1594,0.311
0.1,256,local_fisher_lag,1.075,2.117507681469043,1.0,1.0,0.7722,0.9916
0.1,1024,previous_two_lags,1.015,0.4612649745741467,0.7662709282307513,0.3128,0.0118,0.012
0.1,1024,previous_two_lags,1.035,1.0454044479683202,1.0,0.9392,0.14,0.3404
0.1,1024,previous_two_lags,1.075,2.117507681469043,1.0,1.0,0.8364,0.9998
0.1,1024,local_fisher_lag,1.015,0.4612649745741467,1.0,0.8174,0.1106,0.2874
0.1,1024,local_fisher_lag,1.035,1.0454044479683202,1.0,1.0,0.854,0.9984
0.1,1024,local_fisher_lag,1.075,2.117507681469043,1.0,1.0,0.9992,1.0
0.35,64,previous_two_lags,1.015,0.4612649745741467,0.14536245816504823,0.0366,0.0026,0.0002
0.35,64,previous_two_lags,1.035,1.0454044479683202,0.2972542992267229,0.0724,0.0034,0.0004
0.35,64,previous_two_lags,1.075,2.117507681469043,0.5647699925646463,0.1686,0.006,0.0014
0.35,64,local_fisher_lag,1.015,0.4612649745741467,0.2966275783102577,0.0686,0.0014,0.0002
0.35,64,local_fisher_lag,1.035,1.0454044479683202,0.6347771695210145,0.2018,0.0058,0.0014
0.35,64,local_fisher_lag,1.075,2.117507681469043,1.0,0.6574,0.0422,0.0218
0.35,256,previous_two_lags,1.015,0.4612649745741467,0.26572491633009643,0.0714,0.0024,0.0014
0.35,256,previous_two_lags,1.035,1.0454044479683202,0.5695085984534458,0.1818,0.0072,0.0032
0.35,256,previous_two_lags,1.075,2.117507681469043,1.0,0.5714,0.0262,0.014
0.35,256,local_fisher_lag,1.015,0.4612649745741467,0.5682551566205154,0.1916,0.0044,0.0064
0.35,256,local_fisher_lag,1.035,1.0454044479683202,1.0,0.7004,0.0586,0.1116
0.35,256,local_fisher_lag,1.075,2.117507681469043,1.0,0.999,0.5426,0.8698
0.35,1024,previous_two_lags,1.015,0.4612649745741467,0.5064498326601928,0.1592,0.0064,0.004
0.35,1024,previous_two_lags,1.035,1.0454044479683202,1.0,0.5836,0.0252,0.0424
0.35,1024,previous_two_lags,1.075,2.117507681469043,1.0,0.9952,0.307,0.6088
0.35,1024,local_fisher_lag,1.015,0.4612649745741467,1.0,0.5934,0.0436,0.099
0.35,1024,local_fisher_lag,1.035,1.0454044479683202,1.0,0.9992,0.5916,0.9312
0.35,1024,local_fisher_lag,1.075,2.117507681469043,1.0,1.0,0.9936,1.0
0.7,64,previous_two_lags,1.015,0.4612649745741467,0.08477953267095739,0.0334,0.001,0.0002
0.7,64,previous_two_lags,1.035,1.0454044479683202,0.15959732057211887,0.0444,0.0032,0.0004
0.7,64,previous_two_lags,1.075,2.117507681469043,0.29129447112551343,0.0646,0.0032,0.0002
0.7,64,local_fisher_lag,1.015,0.4612649745741467,0.19946354801245902,0.0568,0.001,0.0008
0.7,64,local_fisher_lag,1.035,1.0454044479683202,0.4234331793009355,0.1182,0.0022,0.0012
0.7,64,local_fisher_lag,1.075,2.117507681469043,0.8296269571988338,0.3518,0.0122,0.007
0.7,256,previous_two_lags,1.015,0.4612649745741467,0.1445590653419148,0.041,0.0014,0.001
0.7,256,previous_two_lags,1.035,1.0454044479683202,0.29419464114423777,0.0652,0.004,0.0018
0.7,256,previous_two_lags,1.075,2.117507681469043,0.5575889422510268,0.1842,0.0076,0.004
0.7,256,local_fisher_lag,1.015,0.4612649745741467,0.3739270960249181,0.0988,0.0012,0.0034
0.7,256,local_fisher_lag,1.035,1.0454044479683202,0.821866358601871,0.3516,0.0134,0.0182
0.7,256,local_fisher_lag,1.075,2.117507681469043,1.0,0.9098,0.1842,0.284
0.7,1024,previous_two_lags,1.015,0.4612649745741467,0.26411813068382956,0.0708,0.0036,0.0014
0.7,1024,previous_two_lags,1.035,1.0454044479683202,0.5633892822884755,0.1784,0.0056,0.0042
0.7,1024,previous_two_lags,1.075,2.117507681469043,1.0,0.57,0.029,0.0348
0.7,1024,local_fisher_lag,1.015,0.4612649745741467,0.7228541920498361,0.285,0.0106,0.0204
0.7,1024,local_fisher_lag,1.035,1.0454044479683202,1.0,0.895,0.1754,0.3264
0.7,1024,local_fisher_lag,1.075,2.117507681469043,1.0,1.0,0.8638,0.9972
