budget,calibration_fraction,design,scenario,dynamic_pairs,sensor_alarm,naive,plugin,nuisance_moments,relaxed_split,fixed_mixture
512,0.0,range_lags,nominal_1,256,,0.025333333333333333,,0.0036666666666666666,0.0,0.003
512,0.0,range_lags,nominal_2,256,,0.029666666666666668,,0.0026666666666666666,0.0,0.0
512,0.0,range_lags,nominal_3,256,,0.031,,0.0033333333333333335,0.0,0.0
512,0.0,range_lags,sensor_low,256,,0.057666666666666665,,0.0023333333333333335,0.0,0.001
512,0.0,range_lags,sensor_high,256,,0.358,,0.003,0.0,0.006666666666666667
512,0.0,range_lags,sensor_very_high,256,,0.7603333333333333,,0.0016666666666666668,0.0003333333333333333,0.0
512,0.0,range_lags,frequency_minus_4.1pct,256,,0.30666666666666664,,0.096,0.0003333333333333333,0.229
512,0.0,range_lags,frequency_plus_4.1pct,256,,0.337,,0.116,0.0006666666666666666,0.246
512,0.0,range_lags,frequency_minus_11.3pct,256,,0.998,,0.9823333333333333,0.014333333333333333,0.999
512,0.0,range_lags,frequency_plus_11.3pct,256,,0.999,,0.9976666666666667,0.09133333333333334,1.0
512,0.0,range_lags,damping_low,256,,0.033,,0.0023333333333333335,0.0,0.0006666666666666666
512,0.0,range_lags,damping_high,256,,0.041,,0.004333333333333333,0.0,0.0023333333333333335
512,0.0,range_lags,shift_and_noise,256,,0.755,,0.049,0.0,0.324
512,0.0,range_lags,damping_and_noise,256,,0.20433333333333334,,0.0016666666666666668,0.0,0.005333333333333333
512,0.0,range_lags,calibration_transfer_failure,256,,0.9903333333333333,,0.0013333333333333333,0.0,0.06333333333333334
512,0.0,range_plus_integer,nominal_1,252,,0.030333333333333334,,0.005,0.0006666666666666666,0.001
512,0.0,range_plus_integer,nominal_2,252,,0.020666666666666667,,0.002,0.0,0.0
512,0.0,range_plus_integer,nominal_3,252,,0.023,,0.0033333333333333335,0.0,0.0
512,0.0,range_plus_integer,sensor_low,252,,0.05566666666666667,,0.0026666666666666666,0.0,0.0
512,0.0,range_plus_integer,sensor_high,252,,0.37233333333333335,,0.002,0.0,0.039
512,0.0,range_plus_integer,sensor_very_high,252,,0.9826666666666667,,0.0026666666666666666,0.0003333333333333333,0.0
512,0.0,range_plus_integer,frequency_minus_4.1pct,252,,0.185,,0.036,0.0003333333333333333,0.13766666666666666
512,0.0,range_plus_integer,frequency_plus_4.1pct,252,,0.16266666666666665,,0.041,0.0,0.122
512,0.0,range_plus_integer,frequency_minus_11.3pct,252,,0.985,,0.913,0.004,0.9993333333333333
512,0.0,range_plus_integer,frequency_plus_11.3pct,252,,0.9913333333333333,,0.957,0.015,0.999
512,0.0,range_plus_integer,damping_low,252,,0.08733333333333333,,0.008333333333333333,0.0,0.0
512,0.0,range_plus_integer,damping_high,252,,0.07366666666666667,,0.008666666666666666,0.0,0.006
512,0.0,range_plus_integer,shift_and_noise,252,,0.6756666666666666,,0.019666666666666666,0.0,0.3903333333333333
512,0.0,range_plus_integer,damping_and_noise,252,,0.14566666666666667,,0.004666666666666667,0.0,0.009666666666666667
512,0.0,range_plus_integer,calibration_transfer_failure,252,,0.9976666666666667,,0.0016666666666666668,0.0,0.5573333333333333
512,0.125,range_lags,nominal_1,224,0.0036666666666666666,0.028333333333333332,0.035666666666666666,0.005,0.0003333333333333333,0.001
512,0.125,range_lags,nominal_2,224,0.005666666666666667,0.027,0.028333333333333332,0.006666666666666667,0.0003333333333333333,0.0
512,0.125,range_lags,nominal_3,224,0.005333333333333333,0.020666666666666667,0.029666666666666668,0.004333333333333333,0.0003333333333333333,0.0
512,0.125,range_lags,sensor_low,224,0.293,0.049666666666666665,0.029,0.007333333333333333,0.0003333333333333333,0.0006666666666666666
512,0.125,range_lags,sensor_high,224,0.8183333333333334,0.30866666666666664,0.042,0.005333333333333333,0.0,0.004666666666666667
512,0.125,range_lags,sensor_very_high,224,1.0,0.7136666666666667,0.04466666666666667,0.0016666666666666668,0.0,0.0
512,0.125,range_lags,frequency_minus_4.1pct,224,0.004,0.26166666666666666,0.285,0.08933333333333333,0.004666666666666667,0.20366666666666666
512,0.125,range_lags,frequency_plus_4.1pct,224,0.005666666666666667,0.29533333333333334,0.32166666666666666,0.098,0.005666666666666667,0.20533333333333334
512,0.125,range_lags,frequency_minus_11.3pct,224,0.006,0.9886666666666667,0.991,0.9636666666666667,0.37633333333333335,0.9973333333333333
512,0.125,range_lags,frequency_plus_11.3pct,224,0.006666666666666667,0.998,0.9986666666666667,0.9903333333333333,0.42233333333333334,0.999
512,0.125,range_lags,damping_low,224,0.005666666666666667,0.034666666666666665,0.042666666666666665,0.008,0.0006666666666666666,0.0003333333333333333
512,0.125,range_lags,damping_high,224,0.005,0.03866666666666667,0.054,0.01,0.0003333333333333333,0.0006666666666666666
512,0.125,range_lags,shift_and_noise,224,0.8353333333333334,0.6963333333333334,0.241,0.042666666666666665,0.0023333333333333335,0.2763333333333333
512,0.125,range_lags,damping_and_noise,224,0.8306666666666667,0.17733333333333334,0.05,0.003,0.0,0.004
512,0.125,range_lags,calibration_transfer_failure,224,0.294,0.982,0.998,0.9403333333333334,0.5226666666666666,0.051333333333333335
512,0.125,range_plus_integer,nominal_1,222,0.006666666666666667,0.028,0.037,0.009333333333333334,0.0006666666666666666,0.0013333333333333333
512,0.125,range_plus_integer,nominal_2,222,0.005666666666666667,0.024,0.030666666666666665,0.006,0.0,0.0
512,0.125,range_plus_integer,nominal_3,222,0.0033333333333333335,0.019,0.029666666666666668,0.004,0.0003333333333333333,0.0
512,0.125,range_plus_integer,sensor_low,222,0.292,0.055,0.03233333333333333,0.008666666666666666,0.0006666666666666666,0.0
512,0.125,range_plus_integer,sensor_high,222,0.833,0.3443333333333333,0.041666666666666664,0.004666666666666667,0.0003333333333333333,0.025
512,0.125,range_plus_integer,sensor_very_high,222,1.0,0.961,0.045,0.002,0.0,0.0
512,0.125,range_plus_integer,frequency_minus_4.1pct,222,0.005,0.151,0.17466666666666666,0.038,0.0023333333333333335,0.11766666666666667
512,0.125,range_plus_integer,frequency_plus_4.1pct,222,0.004333333333333333,0.152,0.17366666666666666,0.049,0.0016666666666666668,0.109
512,0.125,range_plus_integer,frequency_minus_11.3pct,222,0.005,0.965,0.9673333333333334,0.8233333333333334,0.20466666666666666,0.9953333333333333
512,0.125,range_plus_integer,frequency_plus_11.3pct,222,0.004333333333333333,0.9816666666666667,0.9803333333333333,0.906,0.191,0.9983333333333333
512,0.125,range_plus_integer,damping_low,222,0.007333333333333333,0.07366666666666667,0.08966666666666667,0.016,0.0,0.0
512,0.125,range_plus_integer,damping_high,222,0.007333333333333333,0.069,0.096,0.006666666666666667,0.0003333333333333333,0.008666666666666666
512,0.125,range_plus_integer,shift_and_noise,222,0.8183333333333334,0.6026666666666667,0.13133333333333333,0.02,0.0006666666666666666,0.329
512,0.125,range_plus_integer,damping_and_noise,222,0.8323333333333334,0.13533333333333333,0.071,0.006666666666666667,0.001,0.008
512,0.125,range_plus_integer,calibration_transfer_failure,222,0.2836666666666667,0.9893333333333333,0.9993333333333333,0.9583333333333334,0.548,0.4796666666666667
512,0.25,range_lags,nominal_1,192,0.006333333333333333,0.024666666666666667,0.027333333333333334,0.008,0.0003333333333333333,0.0016666666666666668
512,0.25,range_lags,nominal_2,192,0.007666666666666666,0.024,0.024,0.007,0.0003333333333333333,0.0
512,0.25,range_lags,nominal_3,192,0.005333333333333333,0.024333333333333332,0.027333333333333334,0.007666666666666666,0.0,0.0
512,0.25,range_lags,sensor_low,192,0.723,0.048,0.023666666666666666,0.011333333333333334,0.0006666666666666666,0.0003333333333333333
512,0.25,range_lags,sensor_high,192,0.99,0.258,0.027666666666666666,0.004666666666666667,0.0003333333333333333,0.004666666666666667
512,0.25,range_lags,sensor_very_high,192,1.0,0.636,0.030666666666666665,0.002,0.0,0.0
512,0.25,range_lags,frequency_minus_4.1pct,192,0.0026666666666666666,0.219,0.23033333333333333,0.09033333333333333,0.007666666666666666,0.15333333333333332
512,0.25,range_lags,frequency_plus_4.1pct,192,0.005666666666666667,0.22366666666666668,0.23133333333333334,0.084,0.005333333333333333,0.149
512,0.25,range_lags,frequency_minus_11.3pct,192,0.006,0.9663333333333334,0.9726666666666667,0.922,0.38866666666666666,0.993
512,0.25,range_lags,frequency_plus_11.3pct,192,0.0033333333333333335,0.9946666666666667,0.9946666666666667,0.9796666666666667,0.45,0.9963333333333333
512,0.25,range_lags,damping_low,192,0.0033333333333333335,0.03766666666666667,0.041,0.013,0.0003333333333333333,0.001
512,0.25,range_lags,damping_high,192,0.004,0.035333333333333335,0.042,0.009333333333333334,0.0003333333333333333,0.0013333333333333333
512,0.25,range_lags,shift_and_noise,192,0.9866666666666667,0.6006666666666667,0.18833333333333332,0.045,0.0006666666666666666,0.21466666666666667
512,0.25,range_lags,damping_and_noise,192,0.9926666666666667,0.15966666666666668,0.036,0.007666666666666666,0.0,0.0026666666666666666
512,0.25,range_lags,calibration_transfer_failure,192,0.7266666666666667,0.9646666666666667,0.9933333333333333,0.9666666666666667,0.5423333333333333,0.032
512,0.25,range_plus_integer,nominal_1,192,0.007666666666666666,0.021,0.02,0.007333333333333333,0.0,0.0003333333333333333
512,0.25,range_plus_integer,nominal_2,192,0.006333333333333333,0.021333333333333333,0.025333333333333333,0.008,0.0006666666666666666,0.0
512,0.25,range_plus_integer,nominal_3,192,0.005333333333333333,0.025333333333333333,0.02666666666666667,0.007333333333333333,0.0006666666666666666,0.0
512,0.25,range_plus_integer,sensor_low,192,0.7243333333333334,0.04133333333333333,0.025,0.009,0.0013333333333333333,0.0003333333333333333
512,0.25,range_plus_integer,sensor_high,192,0.9936666666666667,0.2816666666666667,0.032,0.006,0.0,0.026
512,0.25,range_plus_integer,sensor_very_high,192,1.0,0.9256666666666666,0.033,0.003,0.0,0.0
512,0.25,range_plus_integer,frequency_minus_4.1pct,192,0.004666666666666667,0.13266666666666665,0.144,0.04733333333333333,0.0026666666666666666,0.08933333333333333
512,0.25,range_plus_integer,frequency_plus_4.1pct,192,0.004,0.124,0.14133333333333334,0.045,0.0026666666666666666,0.07933333333333334
512,0.25,range_plus_integer,frequency_minus_11.3pct,192,0.008666666666666666,0.9303333333333333,0.9296666666666666,0.7846666666666666,0.228,0.9846666666666667
512,0.25,range_plus_integer,frequency_plus_11.3pct,192,0.007,0.9543333333333334,0.9506666666666667,0.8493333333333334,0.20266666666666666,0.9886666666666667
512,0.25,range_plus_integer,damping_low,192,0.004333333333333333,0.066,0.07033333333333333,0.018666666666666668,0.002,0.0003333333333333333
512,0.25,range_plus_integer,damping_high,192,0.005333333333333333,0.06166666666666667,0.06933333333333333,0.01633333333333333,0.0003333333333333333,0.008666666666666666
512,0.25,range_plus_integer,shift_and_noise,192,0.986,0.543,0.11166666666666666,0.025666666666666667,0.0016666666666666668,0.2793333333333333
512,0.25,range_plus_integer,damping_and_noise,192,0.9873333333333333,0.122,0.048,0.008,0.0003333333333333333,0.007666666666666666
512,0.25,range_plus_integer,calibration_transfer_failure,192,0.723,0.9756666666666667,0.9993333333333333,0.973,0.583,0.38366666666666666
2048,0.0,range_lags,nominal_1,1024,,0.023333333333333334,,0.0013333333333333333,0.0,0.0
2048,0.0,range_lags,nominal_2,1024,,0.023666666666666666,,0.0006666666666666666,0.0003333333333333333,0.0
2048,0.0,range_lags,nominal_3,1024,,0.020666666666666667,,0.0033333333333333335,0.0,0.0
2048,0.0,range_lags,sensor_low,1024,,0.25266666666666665,,0.0023333333333333335,0.0,0.002
2048,0.0,range_lags,sensor_high,1024,,0.9416666666666667,,0.0026666666666666666,0.0,0.044333333333333336
2048,0.0,range_lags,sensor_very_high,1024,,1.0,,0.0,0.0,0.0
2048,0.0,range_lags,frequency_minus_4.1pct,1024,,0.94,,0.8506666666666667,0.0,0.9396666666666667
2048,0.0,range_lags,frequency_plus_4.1pct,1024,,0.969,,0.8993333333333333,0.0,0.9576666666666667
2048,0.0,range_lags,frequency_minus_11.3pct,1024,,1.0,,1.0,0.25566666666666665,1.0
2048,0.0,range_lags,frequency_plus_11.3pct,1024,,1.0,,1.0,0.7853333333333333,1.0
2048,0.0,range_lags,damping_low,1024,,0.098,,0.006,0.0,0.0013333333333333333
2048,0.0,range_lags,damping_high,1024,,0.087,,0.004666666666666667,0.0,0.0006666666666666666
2048,0.0,range_lags,shift_and_noise,1024,,1.0,,0.6703333333333333,0.0003333333333333333,0.993
2048,0.0,range_lags,damping_and_noise,1024,,0.7463333333333333,,0.006,0.0,0.027666666666666666
2048,0.0,range_lags,calibration_transfer_failure,1024,,1.0,,0.002,0.0,0.838
2048,0.0,range_plus_integer,nominal_1,1020,,0.029333333333333333,,0.005333333333333333,0.0,0.0013333333333333333
2048,0.0,range_plus_integer,nominal_2,1020,,0.025666666666666667,,0.0026666666666666666,0.0,0.0
2048,0.0,range_plus_integer,nominal_3,1020,,0.026333333333333334,,0.0033333333333333335,0.0,0.0
2048,0.0,range_plus_integer,sensor_low,1020,,0.29533333333333334,,0.005666666666666667,0.0,0.0033333333333333335
2048,0.0,range_plus_integer,sensor_high,1020,,0.976,,0.0013333333333333333,0.0,0.5073333333333333
2048,0.0,range_plus_integer,sensor_very_high,1020,,1.0,,0.0013333333333333333,0.0,0.0
2048,0.0,range_plus_integer,frequency_minus_4.1pct,1020,,0.752,,0.5236666666666666,0.0,0.8086666666666666
2048,0.0,range_plus_integer,frequency_plus_4.1pct,1020,,0.7893333333333333,,0.594,0.0006666666666666666,0.798
2048,0.0,range_plus_integer,frequency_minus_11.3pct,1020,,1.0,,1.0,0.068,1.0
2048,0.0,range_plus_integer,frequency_plus_11.3pct,1020,,1.0,,1.0,0.37766666666666665,1.0
2048,0.0,range_plus_integer,damping_low,1020,,0.49166666666666664,,0.024666666666666667,0.0,0.011
2048,0.0,range_plus_integer,damping_high,1020,,0.309,,0.011333333333333334,0.0,0.028333333333333332
2048,0.0,range_plus_integer,shift_and_noise,1020,,0.9993333333333333,,0.311,0.0,0.9983333333333333
2048,0.0,range_plus_integer,damping_and_noise,1020,,0.6013333333333334,,0.009666666666666667,0.0003333333333333333,0.05433333333333333
2048,0.0,range_plus_integer,calibration_transfer_failure,1020,,1.0,,0.0023333333333333335,0.0003333333333333333,1.0
2048,0.125,range_lags,nominal_1,896,0.005666666666666667,0.026333333333333334,0.03266666666666666,0.006666666666666667,0.0003333333333333333,0.0006666666666666666
2048,0.125,range_lags,nominal_2,896,0.006333333333333333,0.023666666666666666,0.027,0.006,0.0,0.0
2048,0.125,range_lags,nominal_3,896,0.006666666666666667,0.025666666666666667,0.034666666666666665,0.006,0.0003333333333333333,0.0
2048,0.125,range_lags,sensor_low,896,0.9863333333333333,0.203,0.026,0.007,0.0003333333333333333,0.001
2048,0.125,range_lags,sensor_high,896,1.0,0.907,0.047,0.0023333333333333335,0.0,0.029
2048,0.125,range_lags,sensor_very_high,896,1.0,0.9996666666666667,0.049,0.0016666666666666668,0.0,0.0
2048,0.125,range_lags,frequency_minus_4.1pct,896,0.005,0.9073333333333333,0.9116666666666666,0.7616666666666667,0.14233333333333334,0.8983333333333333
2048,0.125,range_lags,frequency_plus_4.1pct,896,0.003,0.9373333333333334,0.9446666666666667,0.8306666666666667,0.14933333333333335,0.9276666666666666
2048,0.125,range_lags,frequency_minus_11.3pct,896,0.006666666666666667,1.0,1.0,1.0,0.9963333333333333,1.0
2048,0.125,range_lags,frequency_plus_11.3pct,896,0.003,1.0,1.0,1.0,0.997,1.0
2048,0.125,range_lags,damping_low,896,0.004666666666666667,0.07766666666666666,0.09,0.010666666666666666,0.0006666666666666666,0.0006666666666666666
2048,0.125,range_lags,damping_high,896,0.0026666666666666666,0.07366666666666667,0.096,0.014,0.0003333333333333333,0.0026666666666666666
2048,0.125,range_lags,shift_and_noise,896,1.0,0.9996666666666667,0.8033333333333333,0.536,0.025,0.9723333333333334
2048,0.125,range_lags,damping_and_noise,896,1.0,0.694,0.08166666666666667,0.007,0.0003333333333333333,0.015666666666666666
2048,0.125,range_lags,calibration_transfer_failure,896,0.9876666666666667,1.0,1.0,1.0,0.9996666666666667,0.7453333333333333
2048,0.125,range_plus_integer,nominal_1,894,0.0036666666666666666,0.026333333333333334,0.03233333333333333,0.006,0.0003333333333333333,0.0006666666666666666
2048,0.125,range_plus_integer,nominal_2,894,0.007,0.03,0.036,0.006666666666666667,0.0,0.0
2048,0.125,range_plus_integer,nominal_3,894,0.007666666666666666,0.020666666666666667,0.03166666666666667,0.005333333333333333,0.0003333333333333333,0.0
2048,0.125,range_plus_integer,sensor_low,894,0.986,0.23533333333333334,0.029333333333333333,0.007666666666666666,0.0,0.0013333333333333333
2048,0.125,range_plus_integer,sensor_high,894,1.0,0.945,0.047,0.0036666666666666666,0.0003333333333333333,0.38866666666666666
2048,0.125,range_plus_integer,sensor_very_high,894,1.0,1.0,0.058333333333333334,0.0033333333333333335,0.0,0.0
2048,0.125,range_plus_integer,frequency_minus_4.1pct,894,0.0026666666666666666,0.676,0.699,0.43333333333333335,0.035666666666666666,0.7266666666666667
2048,0.125,range_plus_integer,frequency_plus_4.1pct,894,0.004333333333333333,0.7046666666666667,0.7206666666666667,0.48,0.03666666666666667,0.712
2048,0.125,range_plus_integer,frequency_minus_11.3pct,894,0.005333333333333333,1.0,1.0,1.0,0.9816666666666667,1.0
2048,0.125,range_plus_integer,frequency_plus_11.3pct,894,0.005666666666666667,1.0,1.0,1.0,0.988,1.0
2048,0.125,range_plus_integer,damping_low,894,0.004,0.40066666666666667,0.4106666666666667,0.098,0.006666666666666667,0.004666666666666667
2048,0.125,range_plus_integer,damping_high,894,0.004333333333333333,0.28,0.29833333333333334,0.030666666666666665,0.0003333333333333333,0.02266666666666667
2048,0.125,range_plus_integer,shift_and_noise,894,1.0,0.9996666666666667,0.538,0.236,0.006666666666666667,0.9913333333333333
2048,0.125,range_plus_integer,damping_and_noise,894,1.0,0.539,0.211,0.021666666666666667,0.0003333333333333333,0.037333333333333336
2048,0.125,range_plus_integer,calibration_transfer_failure,894,0.9856666666666667,1.0,1.0,1.0,1.0,1.0
2048,0.25,range_lags,nominal_1,768,0.005666666666666667,0.025666666666666667,0.029333333333333333,0.007333333333333333,0.0003333333333333333,0.0003333333333333333
2048,0.25,range_lags,nominal_2,768,0.005,0.028333333333333332,0.03,0.011,0.0006666666666666666,0.0
2048,0.25,range_lags,nominal_3,768,0.005333333333333333,0.026,0.025,0.007666666666666666,0.0,0.0
2048,0.25,range_lags,sensor_low,768,1.0,0.16866666666666666,0.02666666666666667,0.011,0.0,0.0003333333333333333
2048,0.25,range_lags,sensor_high,768,1.0,0.8466666666666667,0.03666666666666667,0.005333333333333333,0.0006666666666666666,0.018666666666666668
2048,0.25,range_lags,sensor_very_high,768,1.0,0.9976666666666667,0.03233333333333333,0.004,0.0003333333333333333,0.0
2048,0.25,range_lags,frequency_minus_4.1pct,768,0.004666666666666667,0.844,0.8493333333333334,0.6816666666666666,0.16633333333333333,0.8206666666666667
2048,0.25,range_lags,frequency_plus_4.1pct,768,0.004,0.8846666666666667,0.891,0.7396666666666667,0.173,0.8606666666666667
2048,0.25,range_lags,frequency_minus_11.3pct,768,0.006,1.0,1.0,1.0,0.989,1.0
2048,0.25,range_lags,frequency_plus_11.3pct,768,0.007333333333333333,1.0,1.0,1.0,0.997,1.0
2048,0.25,range_lags,damping_low,768,0.005,0.077,0.082,0.024666666666666667,0.0016666666666666668,0.0006666666666666666
2048,0.25,range_lags,damping_high,768,0.004,0.07266666666666667,0.08266666666666667,0.015666666666666666,0.0006666666666666666,0.0006666666666666666
2048,0.25,range_lags,shift_and_noise,768,1.0,0.9986666666666667,0.7173333333333334,0.467,0.04633333333333333,0.9433333333333334
2048,0.25,range_lags,damping_and_noise,768,1.0,0.622,0.061,0.010666666666666666,0.0,0.014333333333333333
2048,0.25,range_lags,calibration_transfer_failure,768,1.0,1.0,1.0,1.0,0.999,0.599
2048,0.25,range_plus_integer,nominal_1,768,0.004666666666666667,0.023,0.024333333333333332,0.008,0.001,0.0003333333333333333
2048,0.25,range_plus_integer,nominal_2,768,0.005,0.031,0.03133333333333333,0.011333333333333334,0.0006666666666666666,0.0
2048,0.25,range_plus_integer,nominal_3,768,0.005333333333333333,0.025666666666666667,0.028666666666666667,0.009,0.001,0.0
2048,0.25,range_plus_integer,sensor_low,768,1.0,0.19533333333333333,0.029333333333333333,0.013666666666666667,0.0003333333333333333,0.0016666666666666668
2048,0.25,range_plus_integer,sensor_high,768,1.0,0.894,0.029666666666666668,0.004,0.0,0.27166666666666667
2048,0.25,range_plus_integer,sensor_very_high,768,1.0,1.0,0.03133333333333333,0.003,0.001,0.0
2048,0.25,range_plus_integer,frequency_minus_4.1pct,768,0.0033333333333333335,0.5993333333333334,0.6103333333333333,0.389,0.04466666666666667,0.6523333333333333
2048,0.25,range_plus_integer,frequency_plus_4.1pct,768,0.005,0.6196666666666667,0.6346666666666667,0.4196666666666667,0.05,0.6373333333333333
2048,0.25,range_plus_integer,frequency_minus_11.3pct,768,0.005,1.0,1.0,1.0,0.981,1.0
2048,0.25,range_plus_integer,frequency_plus_11.3pct,768,0.005333333333333333,1.0,1.0,1.0,0.9806666666666667,1.0
2048,0.25,range_plus_integer,damping_low,768,0.0026666666666666666,0.3273333333333333,0.33666666666666667,0.114,0.006666666666666667,0.0026666666666666666
2048,0.25,range_plus_integer,damping_high,768,0.005,0.22666666666666666,0.242,0.051666666666666666,0.0023333333333333335,0.015
2048,0.25,range_plus_integer,shift_and_noise,768,1.0,0.9953333333333333,0.44366666666666665,0.20333333333333334,0.015,0.974
2048,0.25,range_plus_integer,damping_and_noise,768,1.0,0.4643333333333333,0.17066666666666666,0.028666666666666667,0.0013333333333333333,0.034
2048,0.25,range_plus_integer,calibration_transfer_failure,768,1.0,1.0,1.0,1.0,0.9996666666666667,1.0
8192,0.0,range_lags,nominal_1,4096,,0.026,,0.0033333333333333335,0.0,0.0003333333333333333
8192,0.0,range_lags,nominal_2,4096,,0.022333333333333334,,0.0006666666666666666,0.0,0.0
8192,0.0,range_lags,nominal_3,4096,,0.025,,0.0036666666666666666,0.0,0.0
8192,0.0,range_lags,sensor_low,4096,,0.9113333333333333,,0.003,0.0,0.02266666666666667
8192,0.0,range_lags,sensor_high,4096,,1.0,,0.002,0.0,0.56
8192,0.0,range_lags,sensor_very_high,4096,,1.0,,0.0016666666666666668,0.0,0.0
8192,0.0,range_lags,frequency_minus_4.1pct,4096,,1.0,,1.0,0.0006666666666666666,1.0
8192,0.0,range_lags,frequency_plus_4.1pct,4096,,1.0,,1.0,0.0013333333333333333,1.0
8192,0.0,range_lags,frequency_minus_11.3pct,4096,,1.0,,1.0,0.9566666666666667,1.0
8192,0.0,range_lags,frequency_plus_11.3pct,4096,,1.0,,1.0,1.0,1.0
8192,0.0,range_lags,damping_low,4096,,0.425,,0.037,0.0,0.0003333333333333333
8192,0.0,range_lags,damping_high,4096,,0.36833333333333335,,0.027333333333333334,0.0,0.003
8192,0.0,range_lags,shift_and_noise,4096,,1.0,,1.0,0.0,1.0
8192,0.0,range_lags,damping_and_noise,4096,,1.0,,0.021333333333333333,0.0,0.348
8192,0.0,range_lags,calibration_transfer_failure,4096,,1.0,,0.003,0.0,1.0
8192,0.0,range_plus_integer,nominal_1,4092,,0.022333333333333334,,0.0033333333333333335,0.0,0.0
8192,0.0,range_plus_integer,nominal_2,4092,,0.02266666666666667,,0.0033333333333333335,0.0,0.0
8192,0.0,range_plus_integer,nominal_3,4092,,0.025333333333333333,,0.003,0.0,0.0
8192,0.0,range_plus_integer,sensor_low,4092,,0.957,,0.005333333333333333,0.0,0.243
8192,0.0,range_plus_integer,sensor_high,4092,,1.0,,0.002,0.0,1.0
8192,0.0,range_plus_integer,sensor_very_high,4092,,1.0,,0.0006666666666666666,0.0,0.0
8192,0.0,range_plus_integer,frequency_minus_4.1pct,4092,,1.0,,0.9996666666666667,0.0006666666666666666,1.0
8192,0.0,range_plus_integer,frequency_plus_4.1pct,4092,,1.0,,1.0,0.0003333333333333333,1.0
8192,0.0,range_plus_integer,frequency_minus_11.3pct,4092,,1.0,,1.0,0.7496666666666667,1.0
8192,0.0,range_plus_integer,frequency_plus_11.3pct,4092,,1.0,,1.0,0.9936666666666667,1.0
8192,0.0,range_plus_integer,damping_low,4092,,0.999,,0.151,0.0,0.38133333333333336
8192,0.0,range_plus_integer,damping_high,4092,,0.9553333333333334,,0.06566666666666666,0.0,0.4633333333333333
8192,0.0,range_plus_integer,shift_and_noise,4092,,1.0,,0.9996666666666667,0.0006666666666666666,1.0
8192,0.0,range_plus_integer,damping_and_noise,4092,,1.0,,0.08133333333333333,0.0,0.666
8192,0.0,range_plus_integer,calibration_transfer_failure,4092,,1.0,,0.0033333333333333335,0.0,1.0
8192,0.125,range_lags,nominal_1,3584,0.004666666666666667,0.023333333333333334,0.03133333333333333,0.005666666666666667,0.0006666666666666666,0.001
8192,0.125,range_lags,nominal_2,3584,0.006333333333333333,0.026333333333333334,0.026333333333333334,0.004666666666666667,0.0003333333333333333,0.0
8192,0.125,range_lags,nominal_3,3584,0.005,0.02666666666666667,0.03333333333333333,0.006,0.0003333333333333333,0.0
8192,0.125,range_lags,sensor_low,3584,1.0,0.8576666666666667,0.026,0.006333333333333333,0.0003333333333333333,0.019333333333333334
8192,0.125,range_lags,sensor_high,3584,1.0,1.0,0.035333333333333335,0.002,0.0,0.471
8192,0.125,range_lags,sensor_very_high,3584,1.0,1.0,0.044333333333333336,0.0013333333333333333,0.0,0.0
8192,0.125,range_lags,frequency_minus_4.1pct,3584,0.003,1.0,1.0,1.0,0.9373333333333334,1.0
8192,0.125,range_lags,frequency_plus_4.1pct,3584,0.007333333333333333,1.0,1.0,1.0,0.9473333333333334,1.0
8192,0.125,range_lags,frequency_minus_11.3pct,3584,0.005333333333333333,1.0,1.0,1.0,1.0,1.0
8192,0.125,range_lags,frequency_plus_11.3pct,3584,0.004666666666666667,1.0,1.0,1.0,1.0,1.0
8192,0.125,range_lags,damping_low,3584,0.004,0.3606666666666667,0.37733333333333335,0.09566666666666666,0.007666666666666666,0.0013333333333333333
8192,0.125,range_lags,damping_high,3584,0.004333333333333333,0.309,0.335,0.067,0.004666666666666667,0.0036666666666666666
8192,0.125,range_lags,shift_and_noise,3584,1.0,1.0,1.0,0.9996666666666667,0.7016666666666667,1.0
8192,0.125,range_lags,damping_and_noise,3584,1.0,0.9996666666666667,0.268,0.03133333333333333,0.0023333333333333335,0.30566666666666664
8192,0.125,range_lags,calibration_transfer_failure,3584,1.0,1.0,1.0,1.0,1.0,1.0
8192,0.125,range_plus_integer,nominal_1,3582,0.004666666666666667,0.023333333333333334,0.03133333333333333,0.006,0.0,0.0
8192,0.125,range_plus_integer,nominal_2,3582,0.005333333333333333,0.02666666666666667,0.028,0.006333333333333333,0.0003333333333333333,0.0
8192,0.125,range_plus_integer,nominal_3,3582,0.005333333333333333,0.026,0.035333333333333335,0.007666666666666666,0.0003333333333333333,0.0
8192,0.125,range_plus_integer,sensor_low,3582,1.0,0.9253333333333333,0.029333333333333333,0.005666666666666667,0.0,0.184
8192,0.125,range_plus_integer,sensor_high,3582,1.0,1.0,0.03766666666666667,0.004333333333333333,0.0003333333333333333,0.9996666666666667
8192,0.125,range_plus_integer,sensor_very_high,3582,1.0,1.0,0.04533333333333334,0.003,0.0003333333333333333,0.0
8192,0.125,range_plus_integer,frequency_minus_4.1pct,3582,0.0023333333333333335,1.0,0.9996666666666667,0.9996666666666667,0.72,1.0
8192,0.125,range_plus_integer,frequency_plus_4.1pct,3582,0.005333333333333333,1.0,1.0,1.0,0.7236666666666667,1.0
8192,0.125,range_plus_integer,frequency_minus_11.3pct,3582,0.004666666666666667,1.0,1.0,1.0,1.0,1.0
8192,0.125,range_plus_integer,frequency_plus_11.3pct,3582,0.006,1.0,1.0,1.0,1.0,1.0
8192,0.125,range_plus_integer,damping_low,3582,0.006666666666666667,0.995,0.9916666666666667,0.8743333333333333,0.188,0.31366666666666665
8192,0.125,range_plus_integer,damping_high,3582,0.006666666666666667,0.9176666666666666,0.8993333333333333,0.491,0.057666666666666665,0.38166666666666665
8192,0.125,range_plus_integer,shift_and_noise,3582,1.0,1.0,0.9986666666666667,0.9916666666666667,0.3303333333333333,1.0
8192,0.125,range_plus_integer,damping_and_noise,3582,1.0,0.9966666666666667,0.809,0.29233333333333333,0.016666666666666666,0.5893333333333334
8192,0.125,range_plus_integer,calibration_transfer_failure,3582,1.0,1.0,1.0,1.0,1.0,1.0
8192,0.25,range_lags,nominal_1,3072,0.005333333333333333,0.027333333333333334,0.030666666666666665,0.009,0.0013333333333333333,0.0
8192,0.25,range_lags,nominal_2,3072,0.0033333333333333335,0.022,0.024666666666666667,0.008,0.0003333333333333333,0.0
8192,0.25,range_lags,nominal_3,3072,0.004333333333333333,0.03166666666666667,0.034666666666666665,0.012333333333333333,0.0,0.0
8192,0.25,range_lags,sensor_low,3072,1.0,0.7886666666666666,0.023,0.009,0.0003333333333333333,0.013666666666666667
8192,0.25,range_lags,sensor_high,3072,1.0,1.0,0.03166666666666667,0.006666666666666667,0.0,0.3943333333333333
8192,0.25,range_lags,sensor_very_high,3072,1.0,1.0,0.031,0.0016666666666666668,0.0003333333333333333,0.0
8192,0.25,range_lags,frequency_minus_4.1pct,3072,0.0036666666666666666,1.0,1.0,1.0,0.921,1.0
8192,0.25,range_lags,frequency_plus_4.1pct,3072,0.005,1.0,1.0,1.0,0.9383333333333334,1.0
8192,0.25,range_lags,frequency_minus_11.3pct,3072,0.005666666666666667,1.0,1.0,1.0,1.0,1.0
8192,0.25,range_lags,frequency_plus_11.3pct,3072,0.0036666666666666666,1.0,1.0,1.0,1.0,1.0
8192,0.25,range_lags,damping_low,3072,0.005333333333333333,0.29233333333333333,0.30733333333333335,0.10833333333333334,0.015333333333333332,0.0023333333333333335
8192,0.25,range_lags,damping_high,3072,0.003,0.2826666666666667,0.284,0.08633333333333333,0.006666666666666667,0.0013333333333333333
8192,0.25,range_lags,shift_and_noise,3072,1.0,1.0,1.0,0.9996666666666667,0.6956666666666667,1.0
8192,0.25,range_lags,damping_and_noise,3072,1.0,0.9996666666666667,0.215,0.049,0.0016666666666666668,0.23766666666666666
8192,0.25,range_lags,calibration_transfer_failure,3072,1.0,1.0,1.0,1.0,1.0,1.0
8192,0.25,range_plus_integer,nominal_1,3072,0.007,0.02266666666666667,0.026333333333333334,0.009,0.0003333333333333333,0.0003333333333333333
8192,0.25,range_plus_integer,nominal_2,3072,0.0026666666666666666,0.028666666666666667,0.032,0.010666666666666666,0.0006666666666666666,0.0
8192,0.25,range_plus_integer,nominal_3,3072,0.006,0.018333333333333333,0.02033333333333333,0.005333333333333333,0.0003333333333333333,0.0
8192,0.25,range_plus_integer,sensor_low,3072,1.0,0.86,0.021333333333333333,0.01,0.0003333333333333333,0.14
8192,0.25,range_plus_integer,sensor_high,3072,1.0,1.0,0.033,0.008,0.0,0.999
8192,0.25,range_plus_integer,sensor_very_high,3072,1.0,1.0,0.035,0.0023333333333333335,0.0003333333333333333,0.0
8192,0.25,range_plus_integer,frequency_minus_4.1pct,3072,0.004333333333333333,1.0,1.0,0.9986666666666667,0.6986666666666667,1.0
8192,0.25,range_plus_integer,frequency_plus_4.1pct,3072,0.005333333333333333,1.0,1.0,1.0,0.6966666666666667,1.0
8192,0.25,range_plus_integer,frequency_minus_11.3pct,3072,0.003,1.0,1.0,1.0,1.0,1.0
8192,0.25,range_plus_integer,frequency_plus_11.3pct,3072,0.005333333333333333,1.0,1.0,1.0,1.0,1.0
8192,0.25,range_plus_integer,damping_low,3072,0.004666666666666667,0.9816666666666667,0.975,0.8983333333333333,0.20666666666666667,0.25666666666666665
8192,0.25,range_plus_integer,damping_high,3072,0.005333333333333333,0.8546666666666667,0.8446666666666667,0.5683333333333334,0.076,0.324
8192,0.25,range_plus_integer,shift_and_noise,3072,1.0,1.0,0.9966666666666667,0.9793333333333333,0.3396666666666667,1.0
8192,0.25,range_plus_integer,damping_and_noise,3072,1.0,0.9916666666666667,0.7523333333333333,0.347,0.027,0.49233333333333335
8192,0.25,range_plus_integer,calibration_transfer_failure,3072,1.0,1.0,1.0,1.0,1.0,1.0
