length_m,period_s,period_squared_s2,sigma_period_squared_s2,residual_s2
2.000000000000000111e-01,9.024620175646140829e-01,8.144376931467938174e-01,5.414772105387684678e-03,5.105259024540398372e-05
2.666666666666666630e-01,1.039669198629667113e+00,1.080912042579254218e+00,6.238015191778002733e-03,-8.316143547346666054e-04
3.333333333333333703e-01,1.161586884575133594e+00,1.349284090416964732e+00,6.969521307450802020e-03,1.834171055352662449e-04
4.000000000000000222e-01,1.267807184351283034e+00,1.607335056692728248e+00,7.606843106107698434e-03,-9.122632996141799566e-03
4.666666666666666741e-01,1.375085703035673790e+00,1.890860690693113355e+00,8.250514218214042780e-03,7.045984626802948014e-03
5.333333333333333259e-01,1.464949715838452793e+00,2.146077669935163801e+00,8.789698295030717173e-03,-5.094052508586965899e-03
6.000000000000000888e-01,1.555547564246084091e+00,2.419728224631925162e+00,9.333285385476505075e-03,1.199485810733591507e-03
6.666666666666667407e-01,1.641460106172080158e+00,2.694391280154456503e+00,9.848760637032480392e-03,8.505524955824572686e-03
7.333333333333333925e-01,1.723406498309158374e+00,2.970129958414235105e+00,1.034043898985495015e-02,1.688718683816281541e-02
8.000000000000000444e-01,1.791155832140443049e+00,3.208239215010722845e+00,1.074693499284265844e-02,-1.236057294279024887e-02
8.666666666666666963e-01,1.867360747413251865e+00,3.487036160979778643e+00,1.120416448447951116e-02,-9.206433511748102205e-04
9.333333333333333481e-01,1.938977254331231581e+00,3.759632792813881519e+00,1.163386352598739029e-02,4.318972105487706159e-03
1.000000000000000000e+00,2.009341767716187555e+00,4.037454339488813382e+00,1.205605060629712580e-02,1.478350240297920948e-02
1.066666666666666652e+00,2.072188807182570702e+00,4.293966452612725249e+00,1.243313284309542459e-02,3.938599149450716652e-03
1.133333333333333304e+00,2.130997690206751116e+00,4.541151155666508288e+00,1.278598614124050632e-02,-1.623371417420660379e-02
1.199999999999999956e+00,2.193810351236757050e+00,4.812803857193543422e+00,1.316286210742054208e-02,-1.193802902461182924e-02
