regime,reference_pairs,design,pairs,time_proxy,scenario,class,response_error_if_null1,mixture,split,concentration
readings,256,previous,256,332.8,null_1,null,0.0,0.002,0.002,0.0003333333333333333
readings,256,previous,256,332.8,null_2,null,11.800337678074163,0.0,0.0006666666666666666,0.001
readings,256,previous,256,332.8,null_3,null,13.987553280341045,0.0,0.0036666666666666666,0.0003333333333333333
readings,256,previous,256,332.8,minus_2.7pct,fresh_range,0.8845935963531342,0.012333333333333333,0.004666666666666667,0.004333333333333333
readings,256,previous,256,332.8,plus_2.7pct,fresh_range,0.8158358632506806,0.011,0.006,0.0013333333333333333
readings,256,previous,256,332.8,minus_5.3pct,fresh_range,1.8088170440544429,0.098,0.018666666666666668,0.037333333333333336
readings,256,previous,256,332.8,plus_5.3pct,fresh_range,1.5429596625417237,0.05333333333333334,0.011333333333333334,0.005666666666666667
readings,256,previous,256,332.8,minus_9.3pct,fresh_range,3.38865742181235,0.555,0.12,0.31566666666666665
readings,256,previous,256,332.8,plus_9.3pct,fresh_range,2.562045504807124,0.26266666666666666,0.05,0.03766666666666667
readings,256,previous,256,332.8,minus_16pct,outside_range,6.556909935288351,0.9873333333333333,0.6206666666666667,0.9246666666666666
readings,256,previous,256,332.8,plus_16pct,outside_range,4.039001632618532,0.656,0.15833333333333333,0.156
readings,256,previous,256,332.8,damping_only_low,physical_stress,0.1997651517878582,0.003,0.0036666666666666666,0.0003333333333333333
readings,256,previous,256,332.8,damping_only_high,physical_stress,0.1995630616087275,0.004333333333333333,0.0026666666666666666,0.0013333333333333333
readings,256,previous,256,332.8,shift_and_low_damping,physical_stress,1.5601816150915297,0.11866666666666667,0.027,0.017333333333333333
readings,256,previous,256,332.8,shift_and_high_damping,physical_stress,1.5476994009624128,0.019666666666666666,0.008,0.003
readings,256,previous,256,332.8,sensor_noise_miscalibrated,sensor_stress,0.0,0.04833333333333333,0.03766666666666667,0.07233333333333333
readings,256,local_fisher,256,483.84000000000003,null_1,null,0.0,0.0003333333333333333,0.0006666666666666666,0.0016666666666666668
readings,256,local_fisher,256,483.84000000000003,null_2,null,11.800337678074163,0.0006666666666666666,0.001,0.0003333333333333333
readings,256,local_fisher,256,483.84000000000003,null_3,null,13.987553280341045,0.0,0.0003333333333333333,0.0016666666666666668
readings,256,local_fisher,256,483.84000000000003,minus_2.7pct,fresh_range,0.8845935963531342,0.103,0.021,0.09033333333333333
readings,256,local_fisher,256,483.84000000000003,plus_2.7pct,fresh_range,0.8158358632506806,0.07633333333333334,0.03,0.03833333333333333
readings,256,local_fisher,256,483.84000000000003,minus_5.3pct,fresh_range,1.8088170440544429,0.637,0.10333333333333333,0.397
readings,256,local_fisher,256,483.84000000000003,plus_5.3pct,fresh_range,1.5429596625417237,0.6096666666666667,0.25433333333333336,0.45
readings,256,local_fisher,256,483.84000000000003,minus_9.3pct,fresh_range,3.38865742181235,0.074,0.017333333333333333,0.03333333333333333
readings,256,local_fisher,256,483.84000000000003,plus_9.3pct,fresh_range,2.562045504807124,0.9926666666666667,0.6976666666666667,0.9796666666666667
readings,256,local_fisher,256,483.84000000000003,minus_16pct,outside_range,6.556909935288351,0.0,0.04733333333333333,0.119
readings,256,local_fisher,256,483.84000000000003,plus_16pct,outside_range,4.039001632618532,0.9923333333333333,0.717,0.979
readings,256,local_fisher,256,483.84000000000003,damping_only_low,physical_stress,0.1997651517878582,0.005,0.002,0.002
readings,256,local_fisher,256,483.84000000000003,damping_only_high,physical_stress,0.1995630616087275,0.0026666666666666666,0.001,0.003
readings,256,local_fisher,256,483.84000000000003,shift_and_low_damping,physical_stress,1.5601816150915297,0.8926666666666667,0.4693333333333333,0.8073333333333333
readings,256,local_fisher,256,483.84000000000003,shift_and_high_damping,physical_stress,1.5476994009624128,0.2803333333333333,0.09066666666666667,0.16866666666666666
readings,256,local_fisher,256,483.84000000000003,sensor_noise_miscalibrated,sensor_stress,0.0,0.034666666666666665,0.019,0.064
readings,256,null_discrimination,256,339.2,null_1,null,0.0,0.001,0.0023333333333333335,0.0016666666666666668
readings,256,null_discrimination,256,339.2,null_2,null,11.800337678074163,0.0,0.0026666666666666666,0.001
readings,256,null_discrimination,256,339.2,null_3,null,13.987553280341045,0.0,0.0026666666666666666,0.001
readings,256,null_discrimination,256,339.2,minus_2.7pct,fresh_range,0.8845935963531342,0.0013333333333333333,0.0023333333333333335,0.0013333333333333333
readings,256,null_discrimination,256,339.2,plus_2.7pct,fresh_range,0.8158358632506806,0.0,0.0023333333333333335,0.0006666666666666666
readings,256,null_discrimination,256,339.2,minus_5.3pct,fresh_range,1.8088170440544429,0.006,0.004,0.0023333333333333335
readings,256,null_discrimination,256,339.2,plus_5.3pct,fresh_range,1.5429596625417237,0.002,0.004666666666666667,0.0013333333333333333
readings,256,null_discrimination,256,339.2,minus_9.3pct,fresh_range,3.38865742181235,0.08433333333333333,0.016,0.028666666666666667
readings,256,null_discrimination,256,339.2,plus_9.3pct,fresh_range,2.562045504807124,0.030666666666666665,0.012333333333333333,0.015
readings,256,null_discrimination,256,339.2,minus_16pct,outside_range,6.556909935288351,0.8483333333333334,0.3416666666666667,0.641
readings,256,null_discrimination,256,339.2,plus_16pct,outside_range,4.039001632618532,0.5796666666666667,0.19133333333333333,0.3913333333333333
readings,256,null_discrimination,256,339.2,damping_only_low,physical_stress,0.1997651517878582,0.0,0.004,0.001
readings,256,null_discrimination,256,339.2,damping_only_high,physical_stress,0.1995630616087275,0.007,0.004,0.0016666666666666668
readings,256,null_discrimination,256,339.2,shift_and_low_damping,physical_stress,1.5601816150915297,0.0,0.0026666666666666666,0.0013333333333333333
readings,256,null_discrimination,256,339.2,shift_and_high_damping,physical_stress,1.5476994009624128,0.011666666666666667,0.006,0.007333333333333333
readings,256,null_discrimination,256,339.2,sensor_noise_miscalibrated,sensor_stress,0.0,0.25966666666666666,0.08266666666666667,0.19566666666666666
readings,256,range_maximin,256,441.6,null_1,null,0.0,0.0006666666666666666,0.0023333333333333335,0.0006666666666666666
readings,256,range_maximin,256,441.6,null_2,null,11.800337678074163,0.0,0.0026666666666666666,0.0006666666666666666
readings,256,range_maximin,256,441.6,null_3,null,13.987553280341045,0.0,0.0026666666666666666,0.0006666666666666666
readings,256,range_maximin,256,441.6,minus_2.7pct,fresh_range,0.8845935963531342,0.05333333333333334,0.014,0.012
readings,256,range_maximin,256,441.6,plus_2.7pct,fresh_range,0.8158358632506806,0.060333333333333336,0.022333333333333334,0.012
readings,256,range_maximin,256,441.6,minus_5.3pct,fresh_range,1.8088170440544429,0.5103333333333333,0.13533333333333333,0.144
readings,256,range_maximin,256,441.6,plus_5.3pct,fresh_range,1.5429596625417237,0.5333333333333333,0.149,0.12533333333333332
readings,256,range_maximin,256,441.6,minus_9.3pct,fresh_range,3.38865742181235,0.98,0.5636666666666666,0.7066666666666667
readings,256,range_maximin,256,441.6,plus_9.3pct,fresh_range,2.562045504807124,0.993,0.637,0.8003333333333333
readings,256,range_maximin,256,441.6,minus_16pct,outside_range,6.556909935288351,1.0,0.9373333333333334,0.995
readings,256,range_maximin,256,441.6,plus_16pct,outside_range,4.039001632618532,1.0,0.9606666666666667,0.9996666666666667
readings,256,range_maximin,256,441.6,damping_only_low,physical_stress,0.1997651517878582,0.001,0.0036666666666666666,0.0
readings,256,range_maximin,256,441.6,damping_only_high,physical_stress,0.1995630616087275,0.0013333333333333333,0.002,0.0003333333333333333
readings,256,range_maximin,256,441.6,shift_and_low_damping,physical_stress,1.5601816150915297,0.599,0.18,0.151
readings,256,range_maximin,256,441.6,shift_and_high_damping,physical_stress,1.5476994009624128,0.463,0.11933333333333333,0.13866666666666666
readings,256,range_maximin,256,441.6,sensor_noise_miscalibrated,sensor_stress,0.0,0.0023333333333333335,0.017666666666666667,0.032
readings,1024,previous,1024,1331.2,null_1,null,0.0,0.0006666666666666666,0.0026666666666666666,0.0016666666666666668
readings,1024,previous,1024,1331.2,null_2,null,11.800337678074163,0.0,0.0026666666666666666,0.001
readings,1024,previous,1024,1331.2,null_3,null,13.987553280341045,0.0,0.002,0.0016666666666666668
readings,1024,previous,1024,1331.2,minus_2.7pct,fresh_range,0.8845935963531342,0.07,0.016666666666666666,0.04066666666666666
readings,1024,previous,1024,1331.2,plus_2.7pct,fresh_range,0.8158358632506806,0.05366666666666667,0.014,0.017333333333333333
readings,1024,previous,1024,1331.2,minus_5.3pct,fresh_range,1.8088170440544429,0.6353333333333333,0.19,0.4573333333333333
readings,1024,previous,1024,1331.2,plus_5.3pct,fresh_range,1.5429596625417237,0.4686666666666667,0.12166666666666667,0.218
readings,1024,previous,1024,1331.2,minus_9.3pct,fresh_range,3.38865742181235,0.9973333333333333,0.7756666666666666,0.9873333333333333
readings,1024,previous,1024,1331.2,plus_9.3pct,fresh_range,2.562045504807124,0.978,0.517,0.8566666666666667
readings,1024,previous,1024,1331.2,minus_16pct,outside_range,6.556909935288351,1.0,0.9963333333333333,1.0
readings,1024,previous,1024,1331.2,plus_16pct,outside_range,4.039001632618532,1.0,0.8543333333333333,0.9963333333333333
readings,1024,previous,1024,1331.2,damping_only_low,physical_stress,0.1997651517878582,0.005,0.004666666666666667,0.0026666666666666666
readings,1024,previous,1024,1331.2,damping_only_high,physical_stress,0.1995630616087275,0.006,0.0026666666666666666,0.005666666666666667
readings,1024,previous,1024,1331.2,shift_and_low_damping,physical_stress,1.5601816150915297,0.823,0.2816666666666667,0.61
readings,1024,previous,1024,1331.2,shift_and_high_damping,physical_stress,1.5476994009624128,0.154,0.04066666666666666,0.04766666666666667
readings,1024,previous,1024,1331.2,sensor_noise_miscalibrated,sensor_stress,0.0,0.3413333333333333,0.33066666666666666,0.6566666666666666
readings,1024,local_fisher,1024,1935.3600000000001,null_1,null,0.0,0.0003333333333333333,0.001,0.0016666666666666668
readings,1024,local_fisher,1024,1935.3600000000001,null_2,null,11.800337678074163,0.0006666666666666666,0.0013333333333333333,0.002
readings,1024,local_fisher,1024,1935.3600000000001,null_3,null,13.987553280341045,0.0,0.0003333333333333333,0.001
readings,1024,local_fisher,1024,1935.3600000000001,minus_2.7pct,fresh_range,0.8845935963531342,0.6886666666666666,0.37933333333333336,0.733
readings,1024,local_fisher,1024,1935.3600000000001,plus_2.7pct,fresh_range,0.8158358632506806,0.6353333333333333,0.329,0.6643333333333333
readings,1024,local_fisher,1024,1935.3600000000001,minus_5.3pct,fresh_range,1.8088170440544429,1.0,0.9473333333333334,1.0
readings,1024,local_fisher,1024,1935.3600000000001,plus_5.3pct,fresh_range,1.5429596625417237,1.0,0.929,1.0
readings,1024,local_fisher,1024,1935.3600000000001,minus_9.3pct,fresh_range,3.38865742181235,0.5466666666666666,0.2723333333333333,0.43933333333333335
readings,1024,local_fisher,1024,1935.3600000000001,plus_9.3pct,fresh_range,2.562045504807124,1.0,0.9993333333333333,1.0
readings,1024,local_fisher,1024,1935.3600000000001,minus_16pct,outside_range,6.556909935288351,0.0,0.703,0.9033333333333333
readings,1024,local_fisher,1024,1935.3600000000001,plus_16pct,outside_range,4.039001632618532,1.0,0.999,1.0
readings,1024,local_fisher,1024,1935.3600000000001,damping_only_low,physical_stress,0.1997651517878582,0.011666666666666667,0.007,0.019333333333333334
readings,1024,local_fisher,1024,1935.3600000000001,damping_only_high,physical_stress,0.1995630616087275,0.007666666666666666,0.007333333333333333,0.018333333333333333
readings,1024,local_fisher,1024,1935.3600000000001,shift_and_low_damping,physical_stress,1.5601816150915297,1.0,0.9876666666666667,1.0
readings,1024,local_fisher,1024,1935.3600000000001,shift_and_high_damping,physical_stress,1.5476994009624128,0.9766666666666667,0.712,0.9796666666666667
readings,1024,local_fisher,1024,1935.3600000000001,sensor_noise_miscalibrated,sensor_stress,0.0,0.301,0.27466666666666667,0.6
readings,1024,null_discrimination,1024,1356.8,null_1,null,0.0,0.0,0.0016666666666666668,0.0023333333333333335
readings,1024,null_discrimination,1024,1356.8,null_2,null,11.800337678074163,0.0,0.0023333333333333335,0.0003333333333333333
readings,1024,null_discrimination,1024,1356.8,null_3,null,13.987553280341045,0.0,0.004333333333333333,0.0026666666666666666
readings,1024,null_discrimination,1024,1356.8,minus_2.7pct,fresh_range,0.8845935963531342,0.005666666666666667,0.006333333333333333,0.0023333333333333335
readings,1024,null_discrimination,1024,1356.8,plus_2.7pct,fresh_range,0.8158358632506806,0.0026666666666666666,0.0036666666666666666,0.0016666666666666668
readings,1024,null_discrimination,1024,1356.8,minus_5.3pct,fresh_range,1.8088170440544429,0.06866666666666667,0.014333333333333333,0.018666666666666668
readings,1024,null_discrimination,1024,1356.8,plus_5.3pct,fresh_range,1.5429596625417237,0.026333333333333334,0.009333333333333334,0.013333333333333334
readings,1024,null_discrimination,1024,1356.8,minus_9.3pct,fresh_range,3.38865742181235,0.7483333333333333,0.24866666666666667,0.43966666666666665
readings,1024,null_discrimination,1024,1356.8,plus_9.3pct,fresh_range,2.562045504807124,0.436,0.093,0.17166666666666666
readings,1024,null_discrimination,1024,1356.8,minus_16pct,outside_range,6.556909935288351,1.0,0.9606666666666667,1.0
readings,1024,null_discrimination,1024,1356.8,plus_16pct,outside_range,4.039001632618532,0.9993333333333333,0.874,0.9973333333333333
readings,1024,null_discrimination,1024,1356.8,damping_only_low,physical_stress,0.1997651517878582,0.0,0.007666666666666666,0.011666666666666667
readings,1024,null_discrimination,1024,1356.8,damping_only_high,physical_stress,0.1995630616087275,0.027666666666666666,0.008,0.011666666666666667
readings,1024,null_discrimination,1024,1356.8,shift_and_low_damping,physical_stress,1.5601816150915297,0.004,0.014666666666666666,0.015333333333333332
readings,1024,null_discrimination,1024,1356.8,shift_and_high_damping,physical_stress,1.5476994009624128,0.136,0.034333333333333334,0.055
readings,1024,null_discrimination,1024,1356.8,sensor_noise_miscalibrated,sensor_stress,0.0,0.9783333333333334,0.6396666666666667,0.954
readings,1024,range_maximin,1024,1766.4,null_1,null,0.0,0.0,0.002,0.002
readings,1024,range_maximin,1024,1766.4,null_2,null,11.800337678074163,0.0,0.003,0.002
readings,1024,range_maximin,1024,1766.4,null_3,null,13.987553280341045,0.0,0.0026666666666666666,0.002
readings,1024,range_maximin,1024,1766.4,minus_2.7pct,fresh_range,0.8845935963531342,0.44166666666666665,0.156,0.20133333333333334
readings,1024,range_maximin,1024,1766.4,plus_2.7pct,fresh_range,0.8158358632506806,0.4613333333333333,0.15733333333333333,0.18866666666666668
readings,1024,range_maximin,1024,1766.4,minus_5.3pct,fresh_range,1.8088170440544429,0.999,0.7676666666666667,0.9536666666666667
readings,1024,range_maximin,1024,1766.4,plus_5.3pct,fresh_range,1.5429596625417237,0.9993333333333333,0.811,0.9813333333333333
readings,1024,range_maximin,1024,1766.4,minus_9.3pct,fresh_range,3.38865742181235,1.0,0.9953333333333333,1.0
readings,1024,range_maximin,1024,1766.4,plus_9.3pct,fresh_range,2.562045504807124,1.0,0.9993333333333333,1.0
readings,1024,range_maximin,1024,1766.4,minus_16pct,outside_range,6.556909935288351,1.0,1.0,1.0
readings,1024,range_maximin,1024,1766.4,plus_16pct,outside_range,4.039001632618532,1.0,1.0,1.0
readings,1024,range_maximin,1024,1766.4,damping_only_low,physical_stress,0.1997651517878582,0.0003333333333333333,0.0033333333333333335,0.0033333333333333335
readings,1024,range_maximin,1024,1766.4,damping_only_high,physical_stress,0.1995630616087275,0.0003333333333333333,0.005666666666666667,0.0033333333333333335
readings,1024,range_maximin,1024,1766.4,shift_and_low_damping,physical_stress,1.5601816150915297,1.0,0.8686666666666667,0.9976666666666667
readings,1024,range_maximin,1024,1766.4,shift_and_high_damping,physical_stress,1.5476994009624128,0.998,0.771,0.96
readings,1024,range_maximin,1024,1766.4,sensor_noise_miscalibrated,sensor_stress,0.0,0.013666666666666667,0.20333333333333334,0.385
time_proxy,256,previous,256,332.8,null_1,null,0.0,0.002,0.003,0.0006666666666666666
time_proxy,256,previous,256,332.8,null_2,null,11.800337678074163,0.0,0.002,0.0006666666666666666
time_proxy,256,previous,256,332.8,null_3,null,13.987553280341045,0.0,0.0023333333333333335,0.001
time_proxy,256,previous,256,332.8,minus_2.7pct,fresh_range,0.8845935963531342,0.011333333333333334,0.005333333333333333,0.0036666666666666666
time_proxy,256,previous,256,332.8,plus_2.7pct,fresh_range,0.8158358632506806,0.007333333333333333,0.005333333333333333,0.0013333333333333333
time_proxy,256,previous,256,332.8,minus_5.3pct,fresh_range,1.8088170440544429,0.103,0.01633333333333333,0.038
time_proxy,256,previous,256,332.8,plus_5.3pct,fresh_range,1.5429596625417237,0.04833333333333333,0.014666666666666666,0.005666666666666667
time_proxy,256,previous,256,332.8,minus_9.3pct,fresh_range,3.38865742181235,0.5213333333333333,0.13166666666666665,0.291
time_proxy,256,previous,256,332.8,plus_9.3pct,fresh_range,2.562045504807124,0.25666666666666665,0.050333333333333334,0.036333333333333336
time_proxy,256,previous,256,332.8,minus_16pct,outside_range,6.556909935288351,0.99,0.6166666666666667,0.9303333333333333
time_proxy,256,previous,256,332.8,plus_16pct,outside_range,4.039001632618532,0.6756666666666666,0.174,0.17533333333333334
time_proxy,256,previous,256,332.8,damping_only_low,physical_stress,0.1997651517878582,0.0026666666666666666,0.003,0.0003333333333333333
time_proxy,256,previous,256,332.8,damping_only_high,physical_stress,0.1995630616087275,0.003,0.0026666666666666666,0.002
time_proxy,256,previous,256,332.8,shift_and_low_damping,physical_stress,1.5601816150915297,0.118,0.028,0.009666666666666667
time_proxy,256,previous,256,332.8,shift_and_high_damping,physical_stress,1.5476994009624128,0.018333333333333333,0.006333333333333333,0.0033333333333333335
time_proxy,256,previous,256,332.8,sensor_noise_miscalibrated,sensor_stress,0.0,0.056666666666666664,0.033,0.072
time_proxy,256,local_fisher,176,332.64000000000004,null_1,null,0.0,0.0006666666666666666,0.001,0.0013333333333333333
time_proxy,256,local_fisher,176,332.64000000000004,null_2,null,11.800337678074163,0.0003333333333333333,0.001,0.002
time_proxy,256,local_fisher,176,332.64000000000004,null_3,null,13.987553280341045,0.0,0.0016666666666666668,0.0016666666666666668
time_proxy,256,local_fisher,176,332.64000000000004,minus_2.7pct,fresh_range,0.8845935963531342,0.043666666666666666,0.004333333333333333,0.017333333333333333
time_proxy,256,local_fisher,176,332.64000000000004,plus_2.7pct,fresh_range,0.8158358632506806,0.051,0.014,0.016666666666666666
time_proxy,256,local_fisher,176,332.64000000000004,minus_5.3pct,fresh_range,1.8088170440544429,0.23366666666666666,0.016,0.050333333333333334
time_proxy,256,local_fisher,176,332.64000000000004,plus_5.3pct,fresh_range,1.5429596625417237,0.3933333333333333,0.11666666666666667,0.19366666666666665
time_proxy,256,local_fisher,176,332.64000000000004,minus_9.3pct,fresh_range,3.38865742181235,0.029,0.0033333333333333335,0.008
time_proxy,256,local_fisher,176,332.64000000000004,plus_9.3pct,fresh_range,2.562045504807124,0.917,0.4613333333333333,0.78
time_proxy,256,local_fisher,176,332.64000000000004,minus_16pct,outside_range,6.556909935288351,0.0,0.007,0.044
time_proxy,256,local_fisher,176,332.64000000000004,plus_16pct,outside_range,4.039001632618532,0.9406666666666667,0.516,0.8273333333333334
time_proxy,256,local_fisher,176,332.64000000000004,damping_only_low,physical_stress,0.1997651517878582,0.0033333333333333335,0.0013333333333333333,0.001
time_proxy,256,local_fisher,176,332.64000000000004,damping_only_high,physical_stress,0.1995630616087275,0.0023333333333333335,0.002,0.0013333333333333333
time_proxy,256,local_fisher,176,332.64000000000004,shift_and_low_damping,physical_stress,1.5601816150915297,0.6976666666666667,0.25966666666666666,0.4796666666666667
time_proxy,256,local_fisher,176,332.64000000000004,shift_and_high_damping,physical_stress,1.5476994009624128,0.16,0.04533333333333334,0.071
time_proxy,256,local_fisher,176,332.64000000000004,sensor_noise_miscalibrated,sensor_stress,0.0,0.021666666666666667,0.006666666666666667,0.017666666666666667
time_proxy,256,null_discrimination,248,328.59999999999997,null_1,null,0.0,0.0003333333333333333,0.0023333333333333335,0.0
time_proxy,256,null_discrimination,248,328.59999999999997,null_2,null,11.800337678074163,0.0,0.0026666666666666666,0.0016666666666666668
time_proxy,256,null_discrimination,248,328.59999999999997,null_3,null,13.987553280341045,0.0,0.003,0.0006666666666666666
time_proxy,256,null_discrimination,248,328.59999999999997,minus_2.7pct,fresh_range,0.8845935963531342,0.0013333333333333333,0.0026666666666666666,0.0013333333333333333
time_proxy,256,null_discrimination,248,328.59999999999997,plus_2.7pct,fresh_range,0.8158358632506806,0.0006666666666666666,0.002,0.002
time_proxy,256,null_discrimination,248,328.59999999999997,minus_5.3pct,fresh_range,1.8088170440544429,0.005333333333333333,0.0036666666666666666,0.0013333333333333333
time_proxy,256,null_discrimination,248,328.59999999999997,plus_5.3pct,fresh_range,1.5429596625417237,0.002,0.005,0.0036666666666666666
time_proxy,256,null_discrimination,248,328.59999999999997,minus_9.3pct,fresh_range,3.38865742181235,0.09333333333333334,0.02033333333333333,0.034666666666666665
time_proxy,256,null_discrimination,248,328.59999999999997,plus_9.3pct,fresh_range,2.562045504807124,0.023,0.012,0.013666666666666667
time_proxy,256,null_discrimination,248,328.59999999999997,minus_16pct,outside_range,6.556909935288351,0.8233333333333334,0.308,0.612
time_proxy,256,null_discrimination,248,328.59999999999997,plus_16pct,outside_range,4.039001632618532,0.5656666666666667,0.18766666666666668,0.38066666666666665
time_proxy,256,null_discrimination,248,328.59999999999997,damping_only_low,physical_stress,0.1997651517878582,0.0003333333333333333,0.0036666666666666666,0.001
time_proxy,256,null_discrimination,248,328.59999999999997,damping_only_high,physical_stress,0.1995630616087275,0.003,0.005333333333333333,0.0023333333333333335
time_proxy,256,null_discrimination,248,328.59999999999997,shift_and_low_damping,physical_stress,1.5601816150915297,0.0003333333333333333,0.004333333333333333,0.004
time_proxy,256,null_discrimination,248,328.59999999999997,shift_and_high_damping,physical_stress,1.5476994009624128,0.009,0.005333333333333333,0.003
time_proxy,256,null_discrimination,248,328.59999999999997,sensor_noise_miscalibrated,sensor_stress,0.0,0.25433333333333336,0.09033333333333333,0.19766666666666666
time_proxy,256,range_maximin,192,331.20000000000005,null_1,null,0.0,0.0023333333333333335,0.002,0.001
time_proxy,256,range_maximin,192,331.20000000000005,null_2,null,11.800337678074163,0.0,0.0023333333333333335,0.001
time_proxy,256,range_maximin,192,331.20000000000005,null_3,null,13.987553280341045,0.0,0.002,0.0
time_proxy,256,range_maximin,192,331.20000000000005,minus_2.7pct,fresh_range,0.8845935963531342,0.035666666666666666,0.010333333333333333,0.008333333333333333
time_proxy,256,range_maximin,192,331.20000000000005,plus_2.7pct,fresh_range,0.8158358632506806,0.043333333333333335,0.01,0.008666666666666666
time_proxy,256,range_maximin,192,331.20000000000005,minus_5.3pct,fresh_range,1.8088170440544429,0.3453333333333333,0.071,0.08633333333333333
time_proxy,256,range_maximin,192,331.20000000000005,plus_5.3pct,fresh_range,1.5429596625417237,0.37033333333333335,0.083,0.060333333333333336
time_proxy,256,range_maximin,192,331.20000000000005,minus_9.3pct,fresh_range,3.38865742181235,0.927,0.4073333333333333,0.487
time_proxy,256,range_maximin,192,331.20000000000005,plus_9.3pct,fresh_range,2.562045504807124,0.9633333333333334,0.4623333333333333,0.5313333333333333
time_proxy,256,range_maximin,192,331.20000000000005,minus_16pct,outside_range,6.556909935288351,1.0,0.8693333333333333,0.962
time_proxy,256,range_maximin,192,331.20000000000005,plus_16pct,outside_range,4.039001632618532,1.0,0.902,0.9946666666666667
time_proxy,256,range_maximin,192,331.20000000000005,damping_only_low,physical_stress,0.1997651517878582,0.0003333333333333333,0.0023333333333333335,0.0006666666666666666
time_proxy,256,range_maximin,192,331.20000000000005,damping_only_high,physical_stress,0.1995630616087275,0.0003333333333333333,0.003,0.0003333333333333333
time_proxy,256,range_maximin,192,331.20000000000005,shift_and_low_damping,physical_stress,1.5601816150915297,0.43066666666666664,0.10166666666666667,0.066
time_proxy,256,range_maximin,192,331.20000000000005,shift_and_high_damping,physical_stress,1.5476994009624128,0.317,0.072,0.07366666666666667
time_proxy,256,range_maximin,192,331.20000000000005,sensor_noise_miscalibrated,sensor_stress,0.0,0.0026666666666666666,0.017666666666666667,0.021333333333333333
time_proxy,1024,previous,1024,1331.2,null_1,null,0.0,0.001,0.0023333333333333335,0.002
time_proxy,1024,previous,1024,1331.2,null_2,null,11.800337678074163,0.0,0.0023333333333333335,0.002
time_proxy,1024,previous,1024,1331.2,null_3,null,13.987553280341045,0.0,0.0013333333333333333,0.0006666666666666666
time_proxy,1024,previous,1024,1331.2,minus_2.7pct,fresh_range,0.8845935963531342,0.067,0.020666666666666667,0.04133333333333333
time_proxy,1024,previous,1024,1331.2,plus_2.7pct,fresh_range,0.8158358632506806,0.05,0.015666666666666666,0.016666666666666666
time_proxy,1024,previous,1024,1331.2,minus_5.3pct,fresh_range,1.8088170440544429,0.6213333333333333,0.18966666666666668,0.445
time_proxy,1024,previous,1024,1331.2,plus_5.3pct,fresh_range,1.5429596625417237,0.478,0.11666666666666667,0.21433333333333332
time_proxy,1024,previous,1024,1331.2,minus_9.3pct,fresh_range,3.38865742181235,0.9993333333333333,0.7673333333333333,0.9926666666666667
time_proxy,1024,previous,1024,1331.2,plus_9.3pct,fresh_range,2.562045504807124,0.9766666666666667,0.5106666666666667,0.846
time_proxy,1024,previous,1024,1331.2,minus_16pct,outside_range,6.556909935288351,1.0,0.998,1.0
time_proxy,1024,previous,1024,1331.2,plus_16pct,outside_range,4.039001632618532,1.0,0.852,0.999
time_proxy,1024,previous,1024,1331.2,damping_only_low,physical_stress,0.1997651517878582,0.005333333333333333,0.004333333333333333,0.004
time_proxy,1024,previous,1024,1331.2,damping_only_high,physical_stress,0.1995630616087275,0.005,0.004666666666666667,0.004333333333333333
time_proxy,1024,previous,1024,1331.2,shift_and_low_damping,physical_stress,1.5601816150915297,0.8213333333333334,0.28,0.605
time_proxy,1024,previous,1024,1331.2,shift_and_high_damping,physical_stress,1.5476994009624128,0.168,0.043,0.05566666666666667
time_proxy,1024,previous,1024,1331.2,sensor_noise_miscalibrated,sensor_stress,0.0,0.343,0.3313333333333333,0.6706666666666666
time_proxy,1024,local_fisher,704,1330.5600000000002,null_1,null,0.0,0.0006666666666666666,0.0023333333333333335,0.002
time_proxy,1024,local_fisher,704,1330.5600000000002,null_2,null,11.800337678074163,0.0003333333333333333,0.001,0.0016666666666666668
time_proxy,1024,local_fisher,704,1330.5600000000002,null_3,null,13.987553280341045,0.0,0.0006666666666666666,0.0006666666666666666
time_proxy,1024,local_fisher,704,1330.5600000000002,minus_2.7pct,fresh_range,0.8845935963531342,0.4693333333333333,0.23733333333333334,0.503
time_proxy,1024,local_fisher,704,1330.5600000000002,plus_2.7pct,fresh_range,0.8158358632506806,0.37933333333333336,0.171,0.38166666666666665
time_proxy,1024,local_fisher,704,1330.5600000000002,minus_5.3pct,fresh_range,1.8088170440544429,0.9983333333333333,0.8323333333333334,0.9983333333333333
time_proxy,1024,local_fisher,704,1330.5600000000002,plus_5.3pct,fresh_range,1.5429596625417237,0.9943333333333333,0.7973333333333333,0.9953333333333333
time_proxy,1024,local_fisher,704,1330.5600000000002,minus_9.3pct,fresh_range,3.38865742181235,0.329,0.138,0.24666666666666667
time_proxy,1024,local_fisher,704,1330.5600000000002,plus_9.3pct,fresh_range,2.562045504807124,1.0,0.9893333333333333,1.0
time_proxy,1024,local_fisher,704,1330.5600000000002,minus_16pct,outside_range,6.556909935288351,0.0,0.4703333333333333,0.6843333333333333
time_proxy,1024,local_fisher,704,1330.5600000000002,plus_16pct,outside_range,4.039001632618532,1.0,0.989,1.0
time_proxy,1024,local_fisher,704,1330.5600000000002,damping_only_low,physical_stress,0.1997651517878582,0.008666666666666666,0.0036666666666666666,0.009333333333333334
time_proxy,1024,local_fisher,704,1330.5600000000002,damping_only_high,physical_stress,0.1995630616087275,0.005333333333333333,0.005333333333333333,0.011666666666666667
time_proxy,1024,local_fisher,704,1330.5600000000002,shift_and_low_damping,physical_stress,1.5601816150915297,0.9996666666666667,0.934,0.9996666666666667
time_proxy,1024,local_fisher,704,1330.5600000000002,shift_and_high_damping,physical_stress,1.5476994009624128,0.8653333333333333,0.49466666666666664,0.8666666666666667
time_proxy,1024,local_fisher,704,1330.5600000000002,sensor_noise_miscalibrated,sensor_stress,0.0,0.15633333333333332,0.13733333333333334,0.3606666666666667
time_proxy,1024,null_discrimination,1004,1330.3,null_1,null,0.0,0.0003333333333333333,0.0013333333333333333,0.0016666666666666668
time_proxy,1024,null_discrimination,1004,1330.3,null_2,null,11.800337678074163,0.0,0.002,0.0023333333333333335
time_proxy,1024,null_discrimination,1004,1330.3,null_3,null,13.987553280341045,0.0,0.003,0.0016666666666666668
time_proxy,1024,null_discrimination,1004,1330.3,minus_2.7pct,fresh_range,0.8845935963531342,0.006,0.004666666666666667,0.004
time_proxy,1024,null_discrimination,1004,1330.3,plus_2.7pct,fresh_range,0.8158358632506806,0.0023333333333333335,0.004333333333333333,0.0036666666666666666
time_proxy,1024,null_discrimination,1004,1330.3,minus_5.3pct,fresh_range,1.8088170440544429,0.06766666666666667,0.015333333333333332,0.024
time_proxy,1024,null_discrimination,1004,1330.3,plus_5.3pct,fresh_range,1.5429596625417237,0.024,0.011,0.011
time_proxy,1024,null_discrimination,1004,1330.3,minus_9.3pct,fresh_range,3.38865742181235,0.727,0.23233333333333334,0.4206666666666667
time_proxy,1024,null_discrimination,1004,1330.3,plus_9.3pct,fresh_range,2.562045504807124,0.4076666666666667,0.09866666666666667,0.16
time_proxy,1024,null_discrimination,1004,1330.3,minus_16pct,outside_range,6.556909935288351,1.0,0.955,1.0
time_proxy,1024,null_discrimination,1004,1330.3,plus_16pct,outside_range,4.039001632618532,1.0,0.87,0.9963333333333333
time_proxy,1024,null_discrimination,1004,1330.3,damping_only_low,physical_stress,0.1997651517878582,0.0,0.010666666666666666,0.012333333333333333
time_proxy,1024,null_discrimination,1004,1330.3,damping_only_high,physical_stress,0.1995630616087275,0.03133333333333333,0.013666666666666667,0.019666666666666666
time_proxy,1024,null_discrimination,1004,1330.3,shift_and_low_damping,physical_stress,1.5601816150915297,0.004,0.012666666666666666,0.014
time_proxy,1024,null_discrimination,1004,1330.3,shift_and_high_damping,physical_stress,1.5476994009624128,0.136,0.026,0.054
time_proxy,1024,null_discrimination,1004,1330.3,sensor_noise_miscalibrated,sensor_stress,0.0,0.974,0.619,0.945
time_proxy,1024,range_maximin,768,1324.8000000000002,null_1,null,0.0,0.0013333333333333333,0.0023333333333333335,0.0016666666666666668
time_proxy,1024,range_maximin,768,1324.8000000000002,null_2,null,11.800337678074163,0.0,0.0036666666666666666,0.0023333333333333335
time_proxy,1024,range_maximin,768,1324.8000000000002,null_3,null,13.987553280341045,0.0,0.0016666666666666668,0.0006666666666666666
time_proxy,1024,range_maximin,768,1324.8000000000002,minus_2.7pct,fresh_range,0.8845935963531342,0.314,0.09666666666666666,0.12066666666666667
time_proxy,1024,range_maximin,768,1324.8000000000002,plus_2.7pct,fresh_range,0.8158358632506806,0.30966666666666665,0.10066666666666667,0.118
time_proxy,1024,range_maximin,768,1324.8000000000002,minus_5.3pct,fresh_range,1.8088170440544429,0.9846666666666667,0.6256666666666667,0.8296666666666667
time_proxy,1024,range_maximin,768,1324.8000000000002,plus_5.3pct,fresh_range,1.5429596625417237,0.991,0.6526666666666666,0.8806666666666667
time_proxy,1024,range_maximin,768,1324.8000000000002,minus_9.3pct,fresh_range,3.38865742181235,1.0,0.9816666666666667,1.0
time_proxy,1024,range_maximin,768,1324.8000000000002,plus_9.3pct,fresh_range,2.562045504807124,1.0,0.9916666666666667,1.0
time_proxy,1024,range_maximin,768,1324.8000000000002,minus_16pct,outside_range,6.556909935288351,1.0,1.0,1.0
time_proxy,1024,range_maximin,768,1324.8000000000002,plus_16pct,outside_range,4.039001632618532,1.0,1.0,1.0
time_proxy,1024,range_maximin,768,1324.8000000000002,damping_only_low,physical_stress,0.1997651517878582,0.0003333333333333333,0.0033333333333333335,0.0023333333333333335
time_proxy,1024,range_maximin,768,1324.8000000000002,damping_only_high,physical_stress,0.1995630616087275,0.0006666666666666666,0.0026666666666666666,0.005
time_proxy,1024,range_maximin,768,1324.8000000000002,shift_and_low_damping,physical_stress,1.5601816150915297,0.9973333333333333,0.7373333333333333,0.9516666666666667
time_proxy,1024,range_maximin,768,1324.8000000000002,shift_and_high_damping,physical_stress,1.5476994009624128,0.982,0.6026666666666667,0.8286666666666667
time_proxy,1024,range_maximin,768,1324.8000000000002,sensor_noise_miscalibrated,sensor_stress,0.0,0.004333333333333333,0.116,0.22566666666666665
