temperature,energy_per_spin,abs_magnetization,heat_capacity_per_spin,susceptibility_per_spin,acceptance
1.500000000000000000e+00,-1.949278846153846168e+00,9.860576923076923572e-01,2.252516252516252315e-01,3.012573964495383200e-02,1.382211538461538408e-02
1.722222222222222321e+00,-1.898677884615384670e+00,9.707632211538461675e-01,2.975223036097124907e-01,5.261170726760705518e-02,2.890625000000000139e-02
1.944444444444444642e+00,-1.787860576923076872e+00,9.304687499999999556e-01,5.888128473842758615e-01,1.945075549450572261e-01,6.424278846153845535e-02
2.166666666666666963e+00,-1.612860576923076827e+00,8.436899038461538325e-01,9.474283992035467117e-01,7.490565259444809110e-01,1.249849759615384581e-01
2.388888888888888840e+00,-1.268930288461538547e+00,5.427584134615384137e-01,1.413482711177411311e+00,5.766903241967114013e+00,2.571664663461538658e-01
2.611111111111111160e+00,-1.050060096153846212e+00,3.300781250000000000e-01,7.701094191983733905e-01,3.807571476063829063e+00,3.483774038461538436e-01
2.833333333333333481e+00,-8.759014423076922906e-01,1.779146634615384748e-01,4.591361890237322108e-01,1.560738366907412855e+00,4.297325721153846256e-01
3.055555555555555358e+00,-7.806490384615384359e-01,1.895132211538461675e-01,3.681977236522691044e-01,1.259955444795588519e+00,4.754957932692307487e-01
3.277777777777777679e+00,-7.082932692307691847e-01,1.316406250000000111e-01,3.161003809811623877e-01,6.352353935788783712e-01,5.181640625000000222e-01
3.500000000000000000e+00,-6.710937500000000444e-01,1.527644230769230893e-01,2.207932787014419140e-01,7.593105452240063169e-01,5.420372596153846256e-01
