scenario,pairs,design,method,family_rejection,singleton_rate,false_reassurance,mean_accepted_singleton_response_error
nominal_1,32,single_lag,discrimination_only,0.0,0.9835,0.0005,0.0005086157059248008
nominal_1,32,single_lag,split_likelihood_gate,0.0015,0.982,0.0005,0.000509392613825908
nominal_1,32,single_lag,concentration_gate,0.0,0.9835,0.0005,0.0005086157059248008
nominal_1,32,two_lags,discrimination_only,0.0,1.0,0.0,0.0
nominal_1,32,two_lags,split_likelihood_gate,0.002,0.998,0.0,0.0
nominal_1,32,two_lags,concentration_gate,0.0,1.0,0.0,0.0
nominal_1,128,single_lag,discrimination_only,0.0,1.0,0.0,0.0
nominal_1,128,single_lag,split_likelihood_gate,0.002,0.998,0.0,0.0
nominal_1,128,single_lag,concentration_gate,0.0005,0.9995,0.0,0.0
nominal_1,128,two_lags,discrimination_only,0.0,1.0,0.0,0.0
nominal_1,128,two_lags,split_likelihood_gate,0.003,0.997,0.0,0.0
nominal_1,128,two_lags,concentration_gate,0.0,1.0,0.0,0.0
nominal_1,512,single_lag,discrimination_only,0.0,1.0,0.0,0.0
nominal_1,512,single_lag,split_likelihood_gate,0.0015,0.9985,0.0,0.0
nominal_1,512,single_lag,concentration_gate,0.0025,0.9975,0.0,0.0
nominal_1,512,two_lags,discrimination_only,0.0,1.0,0.0,0.0
nominal_1,512,two_lags,split_likelihood_gate,0.0015,0.9985,0.0,0.0
nominal_1,512,two_lags,concentration_gate,0.0005,0.9995,0.0,0.0
nominal_2,32,single_lag,discrimination_only,0.0,0.9755,0.0,0.0
nominal_2,32,single_lag,split_likelihood_gate,0.0005,0.9755,0.0,0.0
nominal_2,32,single_lag,concentration_gate,0.0005,0.975,0.0,0.0
nominal_2,32,two_lags,discrimination_only,0.0,0.9915,0.0,0.0
nominal_2,32,two_lags,split_likelihood_gate,0.003,0.9885,0.0,0.0
nominal_2,32,two_lags,concentration_gate,0.0005,0.991,0.0,0.0
nominal_2,128,single_lag,discrimination_only,0.0,1.0,0.0,0.0
nominal_2,128,single_lag,split_likelihood_gate,0.003,0.997,0.0,0.0
nominal_2,128,single_lag,concentration_gate,0.0015,0.9985,0.0,0.0
nominal_2,128,two_lags,discrimination_only,0.0,1.0,0.0,0.0
nominal_2,128,two_lags,split_likelihood_gate,0.001,0.999,0.0,0.0
nominal_2,128,two_lags,concentration_gate,0.0,1.0,0.0,0.0
nominal_2,512,single_lag,discrimination_only,0.0,1.0,0.0,0.0
nominal_2,512,single_lag,split_likelihood_gate,0.0,1.0,0.0,0.0
nominal_2,512,single_lag,concentration_gate,0.0005,0.9995,0.0,0.0
nominal_2,512,two_lags,discrimination_only,0.0,1.0,0.0,0.0
nominal_2,512,two_lags,split_likelihood_gate,0.0015,0.9985,0.0,0.0
nominal_2,512,two_lags,concentration_gate,0.0005,0.9995,0.0,0.0
nominal_3,32,single_lag,discrimination_only,0.0,1.0,0.0,0.0
nominal_3,32,single_lag,split_likelihood_gate,0.001,0.999,0.0,0.0
nominal_3,32,single_lag,concentration_gate,0.0,1.0,0.0,0.0
nominal_3,32,two_lags,discrimination_only,0.0,0.986,0.0,0.0
nominal_3,32,two_lags,split_likelihood_gate,0.002,0.984,0.0,0.0
nominal_3,32,two_lags,concentration_gate,0.0,0.986,0.0,0.0
nominal_3,128,single_lag,discrimination_only,0.0,1.0,0.0,0.0
nominal_3,128,single_lag,split_likelihood_gate,0.001,0.999,0.0,0.0
nominal_3,128,single_lag,concentration_gate,0.0015,0.9985,0.0,0.0
nominal_3,128,two_lags,discrimination_only,0.0,1.0,0.0,0.0
nominal_3,128,two_lags,split_likelihood_gate,0.001,0.999,0.0,0.0
nominal_3,128,two_lags,concentration_gate,0.0,1.0,0.0,0.0
nominal_3,512,single_lag,discrimination_only,0.0,1.0,0.0,0.0
nominal_3,512,single_lag,split_likelihood_gate,0.001,0.999,0.0,0.0
nominal_3,512,single_lag,concentration_gate,0.0005,0.9995,0.0,0.0
nominal_3,512,two_lags,discrimination_only,0.0,1.0,0.0,0.0
nominal_3,512,two_lags,split_likelihood_gate,0.0025,0.9975,0.0,0.0
nominal_3,512,two_lags,concentration_gate,0.0015,0.9985,0.0,0.0
omitted_5,32,single_lag,discrimination_only,0.0,0.992,0.992,15.10764593548658
omitted_5,32,single_lag,split_likelihood_gate,0.001,0.991,0.991,15.10764593548658
omitted_5,32,single_lag,concentration_gate,0.0,0.992,0.992,15.10764593548658
omitted_5,32,two_lags,discrimination_only,0.0,0.9275,0.9275,0.5841364271905234
omitted_5,32,two_lags,split_likelihood_gate,0.257,0.691,0.691,0.5808049941669973
omitted_5,32,two_lags,concentration_gate,0.447,0.533,0.533,0.47512698786792396
omitted_5,128,single_lag,discrimination_only,0.0,1.0,1.0,15.10764593548658
omitted_5,128,single_lag,split_likelihood_gate,0.0045,0.9955,0.9955,15.10764593548658
omitted_5,128,single_lag,concentration_gate,0.0035,0.9965,0.9965,15.107645935486582
omitted_5,128,two_lags,discrimination_only,0.0,0.999,0.999,0.2803976482608315
omitted_5,128,two_lags,split_likelihood_gate,0.9605,0.0395,0.0395,0.2803976482608314
omitted_5,128,two_lags,concentration_gate,1.0,0.0,0.0,None
omitted_5,512,single_lag,discrimination_only,0.0,1.0,1.0,15.10764593548658
omitted_5,512,single_lag,split_likelihood_gate,0.0535,0.9465,0.9465,15.107645935486582
omitted_5,512,single_lag,concentration_gate,0.103,0.897,0.897,15.10764593548658
omitted_5,512,two_lags,discrimination_only,0.0,1.0,1.0,0.28039764826083147
omitted_5,512,two_lags,split_likelihood_gate,1.0,0.0,0.0,None
omitted_5,512,two_lags,concentration_gate,1.0,0.0,0.0,None
omitted_7,32,single_lag,discrimination_only,0.0,0.9135,0.9135,15.374920107500078
omitted_7,32,single_lag,split_likelihood_gate,0.001,0.9125,0.9125,15.374874791178026
omitted_7,32,single_lag,concentration_gate,0.005,0.9105,0.9105,15.374783859909067
omitted_7,32,two_lags,discrimination_only,0.0,0.9915,0.9915,0.32942214314885926
omitted_7,32,two_lags,split_likelihood_gate,0.3675,0.6275,0.6275,0.30656328086367385
omitted_7,32,two_lags,concentration_gate,0.357,0.64,0.64,0.34197665891955087
omitted_7,128,single_lag,discrimination_only,0.0,1.0,1.0,15.416271251371198
omitted_7,128,single_lag,split_likelihood_gate,0.0415,0.9585,0.9585,15.4162712513712
omitted_7,128,single_lag,concentration_gate,0.0725,0.9275,0.9275,15.4162712513712
omitted_7,128,two_lags,discrimination_only,0.0,1.0,1.0,0.30656328086367385
omitted_7,128,two_lags,split_likelihood_gate,0.973,0.027,0.027,0.3065632808636739
omitted_7,128,two_lags,concentration_gate,0.9995,0.0005,0.0005,0.3065632808636739
omitted_7,512,single_lag,discrimination_only,0.0,1.0,1.0,15.416271251371198
omitted_7,512,single_lag,split_likelihood_gate,0.343,0.657,0.657,15.416271251371194
omitted_7,512,single_lag,concentration_gate,0.6195,0.3805,0.3805,15.416271251371196
omitted_7,512,two_lags,discrimination_only,0.0,1.0,1.0,0.30656328086367385
omitted_7,512,two_lags,split_likelihood_gate,1.0,0.0,0.0,None
omitted_7,512,two_lags,concentration_gate,1.0,0.0,0.0,None
near_1,32,single_lag,discrimination_only,0.0,0.9695,0.9695,1.4612014677454122
near_1,32,single_lag,split_likelihood_gate,0.001,0.969,0.969,1.4612011562362752
near_1,32,single_lag,concentration_gate,0.0015,0.968,0.968,1.4612005322525812
near_1,32,two_lags,discrimination_only,0.0,1.0,1.0,1.4618051724523158
near_1,32,two_lags,split_likelihood_gate,0.005,0.995,0.995,1.4618051724523158
near_1,32,two_lags,concentration_gate,0.0005,0.9995,0.9995,1.4618051724523158
near_1,128,single_lag,discrimination_only,0.0,1.0,1.0,1.4618051724523158
near_1,128,single_lag,split_likelihood_gate,0.004,0.996,0.996,1.4618051724523158
near_1,128,single_lag,concentration_gate,0.004,0.996,0.996,1.4618051724523158
near_1,128,two_lags,discrimination_only,0.0,1.0,1.0,1.4618051724523158
near_1,128,two_lags,split_likelihood_gate,0.012,0.988,0.988,1.4618051724523158
near_1,128,two_lags,concentration_gate,0.0015,0.9985,0.9985,1.4618051724523158
near_1,512,single_lag,discrimination_only,0.0,1.0,1.0,1.4618051724523158
near_1,512,single_lag,split_likelihood_gate,0.0115,0.9885,0.9885,1.4618051724523158
near_1,512,single_lag,concentration_gate,0.025,0.975,0.975,1.4618051724523158
near_1,512,two_lags,discrimination_only,0.0,1.0,1.0,1.4618051724523158
near_1,512,two_lags,split_likelihood_gate,0.0745,0.9255,0.9255,1.4618051724523158
near_1,512,two_lags,concentration_gate,0.1185,0.8815,0.8815,1.4618051724523158
decay_shift_2,32,single_lag,discrimination_only,0.0,0.9715,0.0005,0.021948888787466963
decay_shift_2,32,single_lag,split_likelihood_gate,0.0,0.9715,0.0005,0.021948888787466963
decay_shift_2,32,single_lag,concentration_gate,0.001,0.9705,0.0005,0.021955133784988794
decay_shift_2,32,two_lags,discrimination_only,0.0,0.993,0.0,0.015888118692531546
decay_shift_2,32,two_lags,split_likelihood_gate,0.0035,0.9895,0.0,0.015888118692531546
decay_shift_2,32,two_lags,concentration_gate,0.001,0.992,0.0,0.015888118692531546
decay_shift_2,128,single_lag,discrimination_only,0.0,1.0,0.0,0.015888118692531542
decay_shift_2,128,single_lag,split_likelihood_gate,0.001,0.999,0.0,0.015888118692531542
decay_shift_2,128,single_lag,concentration_gate,0.0,1.0,0.0,0.015888118692531542
decay_shift_2,128,two_lags,discrimination_only,0.0,1.0,0.0,0.015888118692531542
decay_shift_2,128,two_lags,split_likelihood_gate,0.005,0.995,0.0,0.015888118692531546
decay_shift_2,128,two_lags,concentration_gate,0.001,0.999,0.0,0.015888118692531542
decay_shift_2,512,single_lag,discrimination_only,0.0,1.0,0.0,0.015888118692531542
decay_shift_2,512,single_lag,split_likelihood_gate,0.0035,0.9965,0.0,0.015888118692531546
decay_shift_2,512,single_lag,concentration_gate,0.0055,0.9945,0.0,0.015888118692531542
decay_shift_2,512,two_lags,discrimination_only,0.0,1.0,0.0,0.015888118692531542
decay_shift_2,512,two_lags,split_likelihood_gate,0.007,0.993,0.0,0.015888118692531546
decay_shift_2,512,two_lags,concentration_gate,0.006,0.994,0.0,0.015888118692531546
hidden_pair,32,single_lag,discrimination_only,0.0,0.9875,0.9875,0.5382821770030536
hidden_pair,32,single_lag,split_likelihood_gate,0.0015,0.986,0.986,0.5382821770030537
hidden_pair,32,single_lag,concentration_gate,0.001,0.9865,0.9865,0.5382821770030537
hidden_pair,32,two_lags,discrimination_only,0.0,0.7945,0.7945,0.5838045281885419
hidden_pair,32,two_lags,split_likelihood_gate,0.137,0.702,0.702,0.5793018160880048
hidden_pair,32,two_lags,concentration_gate,0.387,0.5025,0.5025,0.5882521788896573
hidden_pair,128,single_lag,discrimination_only,0.0,1.0,1.0,0.5382821770030537
hidden_pair,128,single_lag,split_likelihood_gate,0.0025,0.9975,0.9975,0.5382821770030537
hidden_pair,128,single_lag,concentration_gate,0.0005,0.9995,0.9995,0.5382821770030537
hidden_pair,128,two_lags,discrimination_only,0.0,0.972,0.972,0.5477622713693534
hidden_pair,128,two_lags,split_likelihood_gate,0.8665,0.1335,0.1335,0.5434589476345388
hidden_pair,128,two_lags,concentration_gate,0.9985,0.0015,0.0015,0.5382821770030537
hidden_pair,512,single_lag,discrimination_only,0.0,1.0,1.0,0.5382821770030537
hidden_pair,512,single_lag,split_likelihood_gate,0.0025,0.9975,0.9975,0.5382821770030537
hidden_pair,512,single_lag,concentration_gate,0.0045,0.9955,0.9955,0.5382821770030537
hidden_pair,512,two_lags,discrimination_only,0.0,1.0,1.0,0.5382821770030537
hidden_pair,512,two_lags,split_likelihood_gate,1.0,0.0,0.0,None
hidden_pair,512,two_lags,concentration_gate,1.0,0.0,0.0,None
